<prezi version="2" xmlns="http://prezi.com/schema/prezi/2" xmlns:xsi="http://www.w3.org/2001/XMLSchema-instance" xsi:schemaLocation="http://prezi.com/schema/prezi/2 http://prezi.com/schema/prezi/2"><xFields><xField name="editorPath"><xConstructor type="editorPath" name="editorPathV2"><xField name="pathGenerationStrategy"><xConstructor type="pathGenerationStrategy" name="visitOverviewAndParent"/></xField><xField name="steps"><xArray><xConstructor type="editorPathStep" name="flyToOverviewEp"><xField name="actions"><xArray><xConstructor type="editorPathAction" name="zoomToObjectEp"><xField name="target"><xRef value="5961D1FEA115E464C1F1FA38AD18BAF5"/></xField></xConstructor><xConstructor type="editorPathAction" name="fadeInObjectsEp"><xField name="targetGroups"><xArray><xRef value="885E8AB89A851D347D7C07DBB2DB074D"/></xArray></xField></xConstructor><xConstructor type="editorPathAction" name="fadeInObjectsEp"><xField name="targetGroups"><xArray><xRef value="7F4C90D91AEC058220FC1C203F11F7EB"/></xArray></xField></xConstructor><xConstructor type="editorPathAction" name="zoomToObjectEp"><xField name="target"><xRef value="47A94498F756F743739744EA55C2D1C4"/></xField></xConstructor><xConstructor type="editorPathAction" name="fadeInObjectEp"><xField name="target"><xRef value="D5A736D63C6E224EA615A11D6524F64C"/></xField></xConstructor><xConstructor type="editorPathAction" name="fadeInObjectsEp"><xField name="targetGroups"><xArray><xRef value="E1884C80E2CE15E3B975B092BE2E9342"/></xArray></xField></xConstructor><xConstructor type="editorPathAction" name="fadeInObjectsEp"><xField name="targetGroups"><xArray><xRef value="EBBFE4E560291AF82E254FBDCAB17B16"/></xArray></xField></xConstructor><xConstructor type="editorPathAction" name="fadeInObjectsEp"><xField name="targetGroups"><xArray><xRef value="9EC7F433C604F62B61C0953DBFF9545F"/></xArray></xField></xConstructor><xConstructor type="editorPathAction" name="zoomToObjectEp"><xField name="target"><xRef value="47A94498F756F743739744EA55C2D1C4"/></xField></xConstructor><xConstructor type="editorPathAction" name="fadeInObjectsEp"><xField name="targetGroups"><xArray><xRef value="7740CC9D45FCA3F80B170CF93C022493"/></xArray></xField></xConstructor><xConstructor type="editorPathAction" name="fadeInObjectsEp"><xField name="targetGroups"><xArray><xRef value="CD1D1F9DED9AF6982B10896D7256E700"/></xArray></xField></xConstructor><xConstructor type="editorPathAction" name="fadeInObjectEp"><xField name="target"><xRef value="9D288D2D11E9D1A4778B31C7C03E987B"/></xField></xConstructor><xConstructor type="editorPathAction" name="fadeInObjectEp"><xField name="target"><xRef value="ADC719E7A31D0C977237D61C7FF6A3BB"/></xField></xConstructor><xConstructor type="editorPathAction" name="zoomToObjectEp"><xField name="target"><xRef value="D1D0092B949BF7F279912B17C0025C14"/></xField></xConstructor><xConstructor type="editorPathAction" name="fadeOutObjectsEp"><xField name="targetGroups"><xArray><xRef value="885E8AB89A851D347D7C07DBB2DB074D"/></xArray></xField></xConstructor><xConstructor type="editorPathAction" name="fadeOutObjectsEp"><xField name="targets"><xArray><xRef value="D5A736D63C6E224EA615A11D6524F64C"/></xArray></xField><xField name="targetGroups"><xArray><xRef value="7F4C90D91AEC058220FC1C203F11F7EB"/><xRef value="E1884C80E2CE15E3B975B092BE2E9342"/><xRef value="EBBFE4E560291AF82E254FBDCAB17B16"/><xRef value="9EC7F433C604F62B61C0953DBFF9545F"/><xRef value="7740CC9D45FCA3F80B170CF93C022493"/><xRef value="CD1D1F9DED9AF6982B10896D7256E700"/></xArray></xField></xConstructor><xConstructor type="editorPathAction" name="fadeOutObjectsEp"><xField name="targetGroups"><xArray><xRef value="7F4C90D91AEC058220FC1C203F11F7EB"/></xArray></xField></xConstructor><xConstructor type="editorPathAction" name="fadeOutObjectsEp"><xField name="targets"><xArray><xRef value="D5A736D63C6E224EA615A11D6524F64C"/></xArray></xField><xField name="targetGroups"><xArray><xRef value="E1884C80E2CE15E3B975B092BE2E9342"/><xRef value="EBBFE4E560291AF82E254FBDCAB17B16"/><xRef value="9EC7F433C604F62B61C0953DBFF9545F"/><xRef value="7740CC9D45FCA3F80B170CF93C022493"/><xRef value="CD1D1F9DED9AF6982B10896D7256E700"/></xArray></xField></xConstructor><xConstructor type="editorPathAction" name="fadeInObjectEp"><xField name="target"><xRef value="ED5E200FA0F5DDF533005423DC114D32"/></xField></xConstructor><xConstructor type="editorPathAction" name="zoomToObjectEp"><xField name="target"><xRef value="CC6E8C4DCA8891EADF121CE510B5AD74"/></xField></xConstructor><xConstructor type="editorPathAction" name="fadeInObjectsEp"><xField name="targetGroups"><xArray><xRef value="84E1E243593F39734AF3EC5BBFE4CEAA"/></xArray></xField></xConstructor><xConstructor type="editorPathAction" name="zoomToObjectEp"><xField name="target"><xRef value="9F7A31A98EFE3BC21D3334B750EB1120"/></xField></xConstructor><xConstructor type="editorPathAction" name="fadeOutObjectEp"><xField name="target"><xRef value="9D288D2D11E9D1A4778B31C7C03E987B"/></xField></xConstructor><xConstructor type="editorPathAction" name="fadeInObjectEp"><xField name="target"><xRef value="4EC5101339001C8CE82A3F6C4999D685"/></xField></xConstructor><xConstructor type="editorPathAction" name="fadeInObjectEp"><xField name="target"><xRef value="D827D8DCBEFFFAC246F6F18989FC6040"/></xField></xConstructor><xConstructor type="editorPathAction" name="fadeInObjectsEp"><xField name="targetGroups"><xArray><xRef value="94E345CB7BB44F1B646FD94347A47754"/></xArray></xField></xConstructor><xConstructor type="editorPathAction" name="zoomToObjectEp"><xField name="target"><xRef value="AF0805735C1D867D01751F422C999E71"/></xField></xConstructor><xConstructor type="editorPathAction" name="fadeInObjectsEp"><xField name="targetGroups"><xArray><xRef value="E27FAF74E28B5C3933F2D11374D4BE07"/></xArray></xField></xConstructor><xConstructor type="editorPathAction" name="zoomToObjectEp"><xField name="target"><xRef value="BC305670E3EC6AA16997C0F5028DFE48"/></xField></xConstructor><xConstructor type="editorPathAction" name="fadeInObjectsEp"><xField name="targetGroups"><xArray><xRef value="B814EA1C5BCB2098599EAEEA8FF69C33"/></xArray></xField></xConstructor><xConstructor type="editorPathAction" name="fadeOutObjectsEp"><xField name="targetGroups"><xArray><xRef value="E27FAF74E28B5C3933F2D11374D4BE07"/></xArray></xField></xConstructor><xConstructor type="editorPathAction" name="zoomToObjectEp"><xField name="target"><xRef value="152EB434C8A1471BCF255D503F67E01E"/></xField></xConstructor><xConstructor type="editorPathAction" name="zoomToObjectEp"><xField name="target"><xRef value="10DD8D56F1BCC9F1AD06C065A065D7ED"/></xField></xConstructor><xConstructor type="editorPathAction" name="fadeInObjectEp"><xField name="target"><xRef value="A6250418A1EAAE2DDFE652CB79473E0B"/></xField></xConstructor><xConstructor type="editorPathAction" name="zoomToObjectEp"><xField name="target"><xRef value="2F497D5CDC4F7D5BD5DA6FCAFD9CA21D"/></xField></xConstructor><xConstructor type="editorPathAction" name="fadeInObjectsEp"><xField name="targetGroups"><xArray><xRef value="0EEF7F276285DB41D7F0E7D579F6CBC6"/></xArray></xField></xConstructor><xConstructor type="editorPathAction" name="zoomToObjectEp"><xField name="target"><xRef value="577A451E87C2FCC97A2BD609A680B7D5"/></xField></xConstructor><xConstructor type="editorPathAction" name="fadeInObjectsEp"><xField name="targetGroups"><xArray><xRef value="EFF52CBEAD76D784D9A55604699949B3"/></xArray></xField></xConstructor><xConstructor type="editorPathAction" name="zoomToObjectEp"><xField name="target"><xRef value="F0C9F5568A65AA7F47146827B1F2EF76"/></xField></xConstructor><xConstructor type="editorPathAction" name="fadeInObjectsEp"><xField name="targetGroups"><xArray><xRef value="8969B2DBDA84E1FCF31997AD302ADC0C"/></xArray></xField></xConstructor><xConstructor type="editorPathAction" name="zoomToObjectEp"><xField name="target"><xRef value="4BCC985850960B6C1919DCC367134086"/></xField></xConstructor><xConstructor type="editorPathAction" name="fadeInObjectsEp"><xField name="targetGroups"><xArray><xRef value="7769DF3C82F55634CF151A4DBD252E85"/></xArray></xField></xConstructor><xConstructor type="editorPathAction" name="zoomToObjectEp"><xField name="target"><xRef value="B1E1F88155B52BC370DB26EB9903E504"/></xField></xConstructor><xConstructor type="editorPathAction" name="fadeInObjectsEp"><xField name="targetGroups"><xArray><xRef value="6C0122CF259AFCF8E8D92E2E5E255E7F"/></xArray></xField></xConstructor><xConstructor type="editorPathAction" name="zoomToObjectEp"><xField name="target"><xRef value="049E5878B68D539081C0D95D034ED901"/></xField></xConstructor><xConstructor type="editorPathAction" name="fadeInObjectsEp"><xField name="targetGroups"><xArray><xRef value="9AA326F0EA88D19D55AE5810B663814E"/></xArray></xField></xConstructor><xConstructor type="editorPathAction" name="zoomToObjectEp"><xField name="target"><xRef value="E795094122BF4BE8543B5BB24CF29266"/></xField></xConstructor><xConstructor type="editorPathAction" name="fadeInObjectEp"><xField name="target"><xRef value="4F66BE58467E2AAB504409000981D315"/></xField></xConstructor><xConstructor type="editorPathAction" name="zoomToObjectEp"><xField name="target"><xRef value="2C35CD1F123D2EF3247526EFDD0E0A8F"/></xField></xConstructor><xConstructor type="editorPathAction" name="fadeInObjectsEp"><xField name="targetGroups"><xArray><xRef value="562EB9661ADB2FC177BD40ADE4FB5A48"/></xArray></xField></xConstructor><xConstructor type="editorPathAction" name="zoomToObjectEp"><xField name="target"><xRef value="63A4CBC0DA349BF996D004B326CAB08C"/></xField></xConstructor></xArray></xField></xConstructor></xArray></xField></xConstructor></xField><xField name="editorWorkflowMode"><xEnum type="EditorWorkflowMode" value="EditorPathV2"/></xField><xField name="grouping"><xEnum type="Grouping" value="on"/></xField><xField name="topicType"><xEnum type="TopicType" value="UnifiedSmartStructures"/></xField></xFields><aspectRatio><aspectRatio value="16:9"/></aspectRatio><documentStyle><documentStyle><xFields><xField name="colorPaletteInfo"><xJust><xConstructor type="colorPaletteInfo" name="colorPaletteById"><xField name="colorPaletteId"><xString value="30863873_JN803"/></xField></xConstructor></xJust></xField><xField name="themeColors"><xJust><xConstructor type="themeColors" name="fixedThemeColors"><xField name="color1"><xColor value="#FFFFFF"/></xField><xField name="color2"><xColor value="#7D7D7D"/></xField><xField name="color3"><xColor value="#4A4A4A"/></xField><xField name="color4"><xColor value="#69DDED"/></xField><xField name="color5"><xColor value="#2633A1"/></xField></xConstructor></xJust></xField><xField name="topicSnippets"><xJust><xConstructor type="topicSnippets" name="stackAndPlanet"><xField name="planetChapter"><xRecord type="topicPlanetChapterSnippet"><xField name="zObjects"><xArray><xConstructor type="zObject" name="zShape"><xField name="id"><xString value="FF268ADA196C1D74CE52B7C21CB3093F"/></xField><xField name="shapeType"><xEnum type="ShapeType" value="oval"/></xField><xField name="width"><xDouble value="600"/></xField><xField name="height"><xDouble value="600"/></xField><xField name="styleClasses"><xArray><xToken value="poly2"/></xArray></xField><xField name="localToWorld"><xTransform2D x="7619.999999999998" y="2560" scale="11.239294710327462" rotation="0"/></xField></xConstructor><xConstructor type="zObject" name="zText"><xField name="id"><xString value="7A5B34C432AFCD1E984276017EF4D42E"/></xField><xField name="text"><xText><width>121</width><p align="center"><span><![CDATA[Topic]]></span></p></xText></xField><xField name="styleClasses"><xArray><xToken value="subtitle_2"/></xArray></xField><xField name="localToWorld"><xTransform2D x="7619.999999999998" y="2560" scale="40.17157444313875" rotation="0"/></xField></xConstructor><xConstructor type="zObject" name="zText"><xField name="id"><xString value="EE53471AEBCFE4D28FA2FADD115A0A6E"/></xField><xField name="text"><xText><width>233.45424107142858</width><p><span><![CDATA[Double click to edit]]></span></p></xText></xField><xField name="isPlaceholder"><xBool value="true"/></xField><xField name="styleClasses"><xArray><xToken value="subtitle_2"/></xArray></xField><xField name="localToWorld"><xTransform2D x="8370.707699384542" y="1564.0943039857966" scale="17.283149100584133" rotation="0"/></xField></xConstructor><xConstructor type="zObject" name="zText"><xField name="id"><xString value="BA5472CFF96179A1A9007059A15936AE"/></xField><xField name="text"><xText><width>466.90848214285717</width><p><span><![CDATA[Double click to edit]]></span></p></xText></xField><xField name="isPlaceholder"><xBool value="true"/></xField><xField name="styleClasses"><xArray><xToken value="body_2"/></xArray></xField><xField name="localToWorld"><xTransform2D x="8380.247998479224" y="2075.609787314129" scale="8.641574550292066" rotation="0"/></xField></xConstructor></xArray></xField><xField name="position"><xConstructor type="position" name="absolute"><xField name="localToWorld"><xTransform2D x="9617.090050258119" y="2597.2865251165285" scale="486.2869157350469" rotation="0"/></xField></xConstructor></xField><xField name="internalLayoutInfo"><xJust><xConstructor type="internalLayoutInfo" name="internalLayoutById"><xField name="internalLayoutId"><xString value="OverviewLayoutLeftCircleCut"/></xField></xConstructor></xJust></xField><xField name="topicChildren"><xArray><xRecord type="topicChild"><xField name="behaviour"><xConstructor type="topicChildBehaviour" name="content"/></xField><xField name="child"><xRef value="BA5472CFF96179A1A9007059A15936AE"/></xField></xRecord><xRecord type="topicChild"><xField name="behaviour"><xConstructor type="topicChildBehaviour" name="content"/></xField><xField name="child"><xRef value="EE53471AEBCFE4D28FA2FADD115A0A6E"/></xField></xRecord><xRecord type="topicChild"><xField name="behaviour"><xConstructor type="topicChildBehaviour" name="cover"/></xField><xField name="child"><xRef value="7A5B34C432AFCD1E984276017EF4D42E"/></xField></xRecord><xRecord type="topicChild"><xField name="behaviour"><xConstructor type="topicChildBehaviour" name="visual"><xField name="layoutRole"><xJust><xConstructor type="visualLayoutRole" name="topicShape"/></xJust></xField></xConstructor></xField><xField name="child"><xRef value="FF268ADA196C1D74CE52B7C21CB3093F"/></xField></xRecord></xArray></xField><xField name="smartStructure"><xConstructor type="smartStructure" name="unifiedSmartStructure"><xField name="id"><xString value="3E679988C0D0685F4D6460551C5DFDEF"/></xField></xConstructor></xField></xRecord></xField><xField name="stackChapter"><xRecord type="topicStackChapterSnippet"><xField name="zObjects"><xArray><xConstructor type="zObject" name="zShape"><xField name="id"><xString value="2966370A563879211A8C229EE3DEE8DA"/></xField><xField name="shapeType"><xEnum type="ShapeType" value="oval"/></xField><xField name="width"><xDouble value="600"/></xField><xField name="height"><xDouble value="600"/></xField><xField name="styleClasses"><xArray><xToken value="poly2"/></xArray></xField><xField name="localToWorld"><xTransform2D x="8860" y="-4960" scale="11.239294710327462" rotation="0"/></xField></xConstructor><xConstructor type="zObject" name="zText"><xField name="id"><xString value="C5014DB7FBB65278BF7D3C7B5A68CF61"/></xField><xField name="text"><xText><width>121</width><p align="center"><span><![CDATA[Topic]]></span></p></xText></xField><xField name="styleClasses"><xArray><xToken value="subtitle_2"/></xArray></xField><xField name="localToWorld"><xTransform2D x="8860.00000000002" y="-4959.9999999999945" scale="40.17157444313886" rotation="0"/></xField></xConstructor><xConstructor type="zObject" name="zTopicContainer"><xField name="id"><xString value="9DA07B589775DC6E5128BB68856D4EDC"/></xField><xField name="topic"><xConstructor type="topic" name="page"><xField name="children"><xArray><xRef value="64BA12C100A373CEEF4B05C12C74BB54"/><xRef value="6158253BAEC9B503DAEA670F5C179E4D"/></xArray></xField></xConstructor></xField></xConstructor><xConstructor type="zObject" name="zText"><xField name="id"><xString value="6158253BAEC9B503DAEA670F5C179E4D"/></xField><xField name="text"><xText><width>448.043492965368</width><p><span><![CDATA[Double click to edit]]></span></p></xText></xField><xField name="isPlaceholder"><xBool value="true"/></xField><xField name="styleClasses"><xArray><xToken value="subtitle_2"/></xArray></xField><xField name="localToWorld"><xTransform2D x="8855.952393889365" y="-5604.62622067555" scale="7.3326191575687405" rotation="0"/></xField></xConstructor><xConstructor type="zObject" name="zText"><xField name="id"><xString value="64BA12C100A373CEEF4B05C12C74BB54"/></xField><xField name="text"><xText><width>896.086985930736</width><p><span><![CDATA[Double click to edit]]></span></p></xText></xField><xField name="isPlaceholder"><xBool value="true"/></xField><xField name="styleClasses"><xArray><xToken value="body_2"/></xArray></xField><xField name="localToWorld"><xTransform2D x="8860.000000000004" y="-5341.650456236629" scale="3.6663095787843707" rotation="0"/></xField></xConstructor></xArray></xField><xField name="position"><xConstructor type="position" name="absolute"><xField name="localToWorld"><xTransform2D x="8860.000000000011" y="-4959.999999999993" scale="224.7858942065503" rotation="0"/></xField></xConstructor></xField><xField name="topicChildren"><xArray><xRecord type="topicChild"><xField name="behaviour"><xConstructor type="topicChildBehaviour" name="content"/></xField><xField name="child"><xRef value="9DA07B589775DC6E5128BB68856D4EDC"/></xField></xRecord><xRecord type="topicChild"><xField name="behaviour"><xConstructor type="topicChildBehaviour" name="visual"/></xField><xField name="child"><xRef value="2966370A563879211A8C229EE3DEE8DA"/></xField></xRecord><xRecord type="topicChild"><xField name="behaviour"><xConstructor type="topicChildBehaviour" name="cover"/></xField><xField name="child"><xRef value="C5014DB7FBB65278BF7D3C7B5A68CF61"/></xField></xRecord></xArray></xField></xRecord></xField></xConstructor></xJust></xField></xFields><fontClasses><array><fontClass><fontFamily><string value="Cabin"/></fontFamily><fontWeight><fontWeight value="bold"/></fontWeight><name><string value="title"/></name></fontClass><fontClass><fontFamily><string value="Cabin"/></fontFamily><fontWeight><fontWeight value="bold"/></fontWeight><name><string value="subtitle_2"/></name></fontClass><fontClass><fontFamily><string value="Cabin"/></fontFamily><fontWeight><fontWeight value="bold"/></fontWeight><name><string value="subtitle"/></name></fontClass><fontClass><fontFamily><string value="WorkSans"/></fontFamily><name><string value="body_2"/></name></fontClass><fontClass><fontFamily><string value="WorkSans"/></fontFamily><name><string value="body"/></name></fontClass></array></fontClasses><fontFamilies><array><fontFamily><fontFaces><array><fontFace><fontSrc><string value="Raleway-Italic.keg"/></fontSrc><fontStyle><fontStyle value="italic"/></fontStyle></fontFace><fontFace><fontSrc><string value="Raleway-BoldItalic.keg"/></fontSrc><fontStyle><fontStyle value="italic"/></fontStyle><fontWeight><fontWeight value="bold"/></fontWeight></fontFace><fontFace><fontSrc><string value="Raleway-Regular.keg"/></fontSrc></fontFace><fontFace><fontSrc><string value="Raleway-Bold.keg"/></fontSrc><fontWeight><fontWeight value="bold"/></fontWeight></fontFace></array></fontFaces><name><string value="Raleway"/></name></fontFamily><fontFamily><fontFaces><array><fontFace><fontSrc><string value="Cabin-Regular.keg"/></fontSrc></fontFace><fontFace><fontSrc><string value="Cabin-Bold.keg"/></fontSrc><fontWeight><fontWeight value="bold"/></fontWeight></fontFace><fontFace><fontSrc><string value="Cabin-Italic.keg"/></fontSrc><fontStyle><fontStyle value="italic"/></fontStyle></fontFace><fontFace><fontSrc><string value="Cabin-BoldItalic.keg"/></fontSrc><fontStyle><fontStyle value="italic"/></fontStyle><fontWeight><fontWeight value="bold"/></fontWeight></fontFace></array></fontFaces><name><string value="Cabin"/></name></fontFamily><fontFamily><fontFaces><array><fontFace><fontSrc><string value="WorkSans-Bold.keg"/></fontSrc><fontWeight><fontWeight value="bold"/></fontWeight></fontFace><fontFace><fontSrc><string value="WorkSans-Regular.keg"/></fontSrc></fontFace></array></fontFaces><name><string value="WorkSans"/></name></fontFamily></array></fontFamilies><styleDeclarations><array><styleDeclaration><styleBlock><styleBlock><xFields><xField name="deprecatedBackgroundPaddingVertical"><xJust><xDouble value="5"/></xJust></xField><xField name="deprecatedBackgroundPaddingHorizontal"><xJust><xDouble value="5"/></xJust></xField></xFields><color><color value="#000000"/></color><fillType><fillType value="solid"/></fillType><backgroundAlpha><double value="1"/></backgroundAlpha><backgroundColor><color value="#69DDED"/></backgroundColor><backgroundPadding><double value="10"/></backgroundPadding><displayBackground><bool value="false"/></displayBackground><fontClass><string value="title"/></fontClass><padding><double value="1.2"/></padding></styleBlock></styleBlock><styleSelector><simpleSelector value="zText.title"/></styleSelector></styleDeclaration><styleDeclaration><styleBlock><styleBlock><xFields><xField name="deprecatedBackgroundPaddingVertical"><xJust><xDouble value="5"/></xJust></xField><xField name="deprecatedBackgroundPaddingHorizontal"><xJust><xDouble value="5"/></xJust></xField></xFields><color><color value="#000000"/></color><fillType><fillType value="solid"/></fillType><backgroundAlpha><double value="1"/></backgroundAlpha><backgroundColor><color value="#69DDED"/></backgroundColor><backgroundPadding><double value="10"/></backgroundPadding><displayBackground><bool value="false"/></displayBackground><fontClass><string value="subtitle"/></fontClass><padding><double value="1.2"/></padding></styleBlock></styleBlock><styleSelector><simpleSelector value="zText.subtitle"/></styleSelector></styleDeclaration><styleDeclaration><styleBlock><styleBlock><xFields><xField name="deprecatedBackgroundPaddingVertical"><xJust><xDouble value="5"/></xJust></xField><xField name="deprecatedBackgroundPaddingHorizontal"><xJust><xDouble value="5"/></xJust></xField></xFields><color><color value="#000000"/></color><fillType><fillType value="solid"/></fillType><backgroundAlpha><double value="1"/></backgroundAlpha><backgroundColor><color value="#69DDED"/></backgroundColor><backgroundPadding><double value="10"/></backgroundPadding><displayBackground><bool value="false"/></displayBackground><fontClass><string value="body"/></fontClass><padding><double value="1.2"/></padding></styleBlock></styleBlock><styleSelector><simpleSelector value="zText.body"/></styleSelector></styleDeclaration><styleDeclaration><styleBlock><styleBlock><xFields><xField name="deprecatedBackgroundPaddingVertical"><xJust><xDouble value="5"/></xJust></xField><xField name="deprecatedBackgroundPaddingHorizontal"><xJust><xDouble value="5"/></xJust></xField></xFields><color><color value="#FFFFFF"/></color><fillType><fillType value="solid"/></fillType><backgroundAlpha><double value="1"/></backgroundAlpha><backgroundColor><color value="#2633A1"/></backgroundColor><backgroundPadding><double value="10"/></backgroundPadding><displayBackground><bool value="false"/></displayBackground><fontClass><string value="subtitle_2"/></fontClass><padding><double value="1.2"/></padding></styleBlock></styleBlock><styleSelector><simpleSelector value="zText.subtitle_2"/></styleSelector></styleDeclaration><styleDeclaration><styleBlock><styleBlock><xFields><xField name="deprecatedBackgroundPaddingVertical"><xJust><xDouble value="5"/></xJust></xField><xField name="deprecatedBackgroundPaddingHorizontal"><xJust><xDouble value="5"/></xJust></xField></xFields><color><color value="#FFFFFF"/></color><fillType><fillType value="solid"/></fillType><backgroundAlpha><double value="1"/></backgroundAlpha><backgroundColor><color value="#2633A1"/></backgroundColor><backgroundPadding><double value="10"/></backgroundPadding><displayBackground><bool value="false"/></displayBackground><fontClass><string value="body_2"/></fontClass><padding><double value="1.2"/></padding></styleBlock></styleBlock><styleSelector><simpleSelector value="zText.body_2"/></styleSelector></styleDeclaration><styleDeclaration><xFields><xField name="hasFeatureTint"><xBool value="true"/></xField></xFields><styleBlock><styleBlock><xFields><xField name="attachPadding"><xJust><xDouble value="10"/></xJust></xField><xField name="colorFilter"><xJust><xConstructor type="colorFilter" name="noColorFilter"/></xJust></xField></xFields><color><color value="#FFFFFF"/></color><alpha><double value="1"/></alpha><gradEndAlpha><double value="0"/></gradEndAlpha><gradEndColor><color value="#FFFFFF"/></gradEndColor><gradStartAlpha><double value="1"/></gradStartAlpha><gradStartColor><color value="#FFFFFF"/></gradStartColor><fillType><fillType value="solid"/></fillType><borderAlpha><double value="1"/></borderAlpha><borderColor><color value="#FFFFFF"/></borderColor><borderThickness><double value="-1"/></borderThickness><padding><double value="0"/></padding><thickness><double value="4.554869453686678"/></thickness></styleBlock></styleBlock><styleSelector><simpleSelector value="*.line1"/></styleSelector></styleDeclaration><styleDeclaration><xFields><xField name="hasFeatureTint"><xBool value="true"/></xField></xFields><styleBlock><styleBlock><xFields><xField name="attachPadding"><xJust><xDouble value="10"/></xJust></xField><xField name="colorFilter"><xJust><xConstructor type="colorFilter" name="noColorFilter"/></xJust></xField></xFields><color><color value="#7D7D7D"/></color><alpha><double value="1"/></alpha><gradEndAlpha><double value="0"/></gradEndAlpha><gradEndColor><color value="#7D7D7D"/></gradEndColor><gradStartAlpha><double value="1"/></gradStartAlpha><gradStartColor><color value="#7D7D7D"/></gradStartColor><fillType><fillType value="solid"/></fillType><borderAlpha><double value="1"/></borderAlpha><borderColor><color value="#7D7D7D"/></borderColor><borderThickness><double value="-1"/></borderThickness><padding><double value="0"/></padding><thickness><double value="3.9435868171083475"/></thickness></styleBlock></styleBlock><styleSelector><simpleSelector value="*.line2"/></styleSelector></styleDeclaration><styleDeclaration><xFields><xField name="hasFeatureTint"><xBool value="true"/></xField></xFields><styleBlock><styleBlock><xFields><xField name="attachPadding"><xJust><xDouble value="10"/></xJust></xField><xField name="colorFilter"><xJust><xConstructor type="colorFilter" name="noColorFilter"/></xJust></xField></xFields><color><color value="#4A4A4A"/></color><alpha><double value="1"/></alpha><gradEndAlpha><double value="0"/></gradEndAlpha><gradEndColor><color value="#4A4A4A"/></gradEndColor><gradStartAlpha><double value="1"/></gradStartAlpha><gradStartColor><color value="#4A4A4A"/></gradStartColor><fillType><fillType value="solid"/></fillType><borderAlpha><double value="1"/></borderAlpha><borderColor><color value="#4A4A4A"/></borderColor><borderThickness><double value="-1"/></borderThickness><padding><double value="0"/></padding><thickness><double value="3.9435868171083475"/></thickness></styleBlock></styleBlock><styleSelector><simpleSelector value="*.line3"/></styleSelector></styleDeclaration><styleDeclaration><xFields><xField name="hasFeatureTint"><xBool value="true"/></xField></xFields><styleBlock><styleBlock><xFields><xField name="attachPadding"><xJust><xDouble value="10"/></xJust></xField><xField name="colorFilter"><xJust><xConstructor type="colorFilter" name="noColorFilter"/></xJust></xField></xFields><color><color value="#69DDED"/></color><alpha><double value="1"/></alpha><gradEndAlpha><double value="0"/></gradEndAlpha><gradEndColor><color value="#69DDED"/></gradEndColor><gradStartAlpha><double value="1"/></gradStartAlpha><gradStartColor><color value="#69DDED"/></gradStartColor><fillType><fillType value="solid"/></fillType><borderAlpha><double value="1"/></borderAlpha><borderColor><color value="#69DDED"/></borderColor><borderThickness><double value="-1"/></borderThickness><padding><double value="0"/></padding><thickness><double value="3.9435868171083475"/></thickness></styleBlock></styleBlock><styleSelector><simpleSelector value="*.line4"/></styleSelector></styleDeclaration><styleDeclaration><xFields><xField name="hasFeatureTint"><xBool value="true"/></xField></xFields><styleBlock><styleBlock><xFields><xField name="attachPadding"><xJust><xDouble value="10"/></xJust></xField><xField name="colorFilter"><xJust><xConstructor type="colorFilter" name="noColorFilter"/></xJust></xField></xFields><color><color value="#2633A1"/></color><alpha><double value="1"/></alpha><gradEndAlpha><double value="0"/></gradEndAlpha><gradEndColor><color value="#2633A1"/></gradEndColor><gradStartAlpha><double value="1"/></gradStartAlpha><gradStartColor><color value="#2633A1"/></gradStartColor><fillType><fillType value="solid"/></fillType><borderAlpha><double value="1"/></borderAlpha><borderColor><color value="#2633A1"/></borderColor><borderThickness><double value="-1"/></borderThickness><padding><double value="0"/></padding><thickness><double value="3.9435868171083475"/></thickness></styleBlock></styleBlock><styleSelector><simpleSelector value="*.line5"/></styleSelector></styleDeclaration><styleDeclaration><styleBlock><styleBlock><xFields><xField name="attachPadding"><xJust><xDouble value="10"/></xJust></xField></xFields><color><color value="#69DDED"/></color><alpha><double value="0"/></alpha><gradEndAlpha><double value="0"/></gradEndAlpha><gradEndColor><color value="#69DDED"/></gradEndColor><gradStartAlpha><double value="1"/></gradStartAlpha><gradStartColor><color value="#69DDED"/></gradStartColor><fillType><fillType value="solid"/></fillType><borderColor><color value="#69DDED"/></borderColor><padding><double value="0"/></padding><thickness><double value="1"/></thickness></styleBlock></styleBlock><styleSelector><simpleSelector value="*.chainLink"/></styleSelector></styleDeclaration><styleDeclaration><xFields><xField name="hasFeatureTint"><xBool value="true"/></xField></xFields><styleBlock><styleBlock><xFields><xField name="colorFilter"><xJust><xConstructor type="colorFilter" name="noColorFilter"/></xJust></xField></xFields><color><color value="#FFFFFF"/></color><alpha><double value="1"/></alpha><gradEndAlpha><double value="0"/></gradEndAlpha><gradEndColor><color value="#FFFFFF"/></gradEndColor><gradStartAlpha><double value="1"/></gradStartAlpha><gradStartColor><color value="#FFFFFF"/></gradStartColor><fillType><fillType value="solid"/></fillType><borderAlpha><double value="1"/></borderAlpha><borderColor><color value="#69DDED"/></borderColor><borderThickness><double value="-1"/></borderThickness><padding><double value="0"/></padding><thickness><double value="100"/></thickness></styleBlock></styleBlock><styleSelector><simpleSelector value="*.poly1"/></styleSelector></styleDeclaration><styleDeclaration><xFields><xField name="hasFeatureTint"><xBool value="true"/></xField></xFields><styleBlock><styleBlock><xFields><xField name="colorFilter"><xJust><xConstructor type="colorFilter" name="noColorFilter"/></xJust></xField></xFields><color><color value="#7D7D7D"/></color><alpha><double value="1"/></alpha><gradEndAlpha><double value="0"/></gradEndAlpha><gradEndColor><color value="#7D7D7D"/></gradEndColor><gradStartAlpha><double value="1"/></gradStartAlpha><gradStartColor><color value="#7D7D7D"/></gradStartColor><fillType><fillType value="solid"/></fillType><borderAlpha><double value="1"/></borderAlpha><borderColor><color value="#69DDED"/></borderColor><borderThickness><double value="-1"/></borderThickness><padding><double value="0"/></padding><thickness><double value="100"/></thickness></styleBlock></styleBlock><styleSelector><simpleSelector value="*.poly2"/></styleSelector></styleDeclaration><styleDeclaration><xFields><xField name="hasFeatureTint"><xBool value="true"/></xField></xFields><styleBlock><styleBlock><xFields><xField name="colorFilter"><xJust><xConstructor type="colorFilter" name="noColorFilter"/></xJust></xField></xFields><color><color value="#4A4A4A"/></color><alpha><double value="1"/></alpha><gradEndAlpha><double value="0"/></gradEndAlpha><gradEndColor><color value="#4A4A4A"/></gradEndColor><gradStartAlpha><double value="1"/></gradStartAlpha><gradStartColor><color value="#4A4A4A"/></gradStartColor><fillType><fillType value="solid"/></fillType><borderAlpha><double value="1"/></borderAlpha><borderColor><color value="#69DDED"/></borderColor><borderThickness><double value="-1"/></borderThickness><padding><double value="0"/></padding><thickness><double value="100"/></thickness></styleBlock></styleBlock><styleSelector><simpleSelector value="*.poly3"/></styleSelector></styleDeclaration><styleDeclaration><xFields><xField name="hasFeatureTint"><xBool value="true"/></xField></xFields><styleBlock><styleBlock><xFields><xField name="colorFilter"><xJust><xConstructor type="colorFilter" name="noColorFilter"/></xJust></xField></xFields><color><color value="#69DDED"/></color><alpha><double value="1"/></alpha><gradEndAlpha><double value="0"/></gradEndAlpha><gradEndColor><color value="#69DDED"/></gradEndColor><gradStartAlpha><double value="1"/></gradStartAlpha><gradStartColor><color value="#69DDED"/></gradStartColor><fillType><fillType value="solid"/></fillType><borderAlpha><double value="1"/></borderAlpha><borderColor><color value="#69DDED"/></borderColor><borderThickness><double value="-1"/></borderThickness><padding><double value="0"/></padding><thickness><double value="100"/></thickness></styleBlock></styleBlock><styleSelector><simpleSelector value="*.poly4"/></styleSelector></styleDeclaration><styleDeclaration><xFields><xField name="hasFeatureTint"><xBool value="true"/></xField></xFields><styleBlock><styleBlock><xFields><xField name="colorFilter"><xJust><xConstructor type="colorFilter" name="noColorFilter"/></xJust></xField></xFields><color><color value="#2633A1"/></color><alpha><double value="1"/></alpha><gradEndAlpha><double value="0"/></gradEndAlpha><gradEndColor><color value="#2633A1"/></gradEndColor><gradStartAlpha><double value="1"/></gradStartAlpha><gradStartColor><color value="#2633A1"/></gradStartColor><fillType><fillType value="solid"/></fillType><borderAlpha><double value="1"/></borderAlpha><borderColor><color value="#69DDED"/></borderColor><borderThickness><double value="-1"/></borderThickness><padding><double value="0"/></padding><thickness><double value="100"/></thickness></styleBlock></styleBlock><styleSelector><simpleSelector value="*.poly5"/></styleSelector></styleDeclaration><styleDeclaration><styleBlock><styleBlock><color><color value="#000000"/></color><alpha><double value="0"/></alpha><gradEndAlpha><double value="0"/></gradEndAlpha><gradEndColor><color value="#FA6546"/></gradEndColor><gradStartAlpha><double value="1"/></gradStartAlpha><gradStartColor><color value="#FA6546"/></gradStartColor><fillType><fillType value="solid"/></fillType><borderAlpha><double value="1"/></borderAlpha><borderColor><color value="#000000"/></borderColor><borderThickness><double value="16.78345531749922"/></borderThickness><padding><double value="1.03"/></padding><thickness><double value="100"/></thickness></styleBlock></styleBlock><styleSelector><simpleSelector value="*.frame1"/></styleSelector></styleDeclaration><styleDeclaration><styleBlock><styleBlock><color><color value="#FFFFFF"/></color><alpha><double value="1"/></alpha><gradEndAlpha><double value="0"/></gradEndAlpha><gradEndColor><color value="#8E939C"/></gradEndColor><gradStartAlpha><double value="0.8"/></gradStartAlpha><gradStartColor><color value="#8E939C"/></gradStartColor><fillType><fillType value="solid"/></fillType><borderAlpha><double value="1"/></borderAlpha><borderColor><color value="#000000"/></borderColor><borderThickness><double value="19"/></borderThickness><padding><double value="1.03"/></padding><thickness><double value="100"/></thickness></styleBlock></styleBlock><styleSelector><simpleSelector value="*.frame2"/></styleSelector></styleDeclaration><styleDeclaration><styleBlock><styleBlock><color><color value="#E85336"/></color><alpha><double value="1"/></alpha><gradEndAlpha><double value="0.83"/></gradEndAlpha><gradEndColor><color value="#FFFFFF"/></gradEndColor><gradStartAlpha><double value="1"/></gradStartAlpha><gradStartColor><color value="#FFFFFF"/></gradStartColor><fillType><fillType value="solid"/></fillType><borderAlpha><double value="0"/></borderAlpha><borderColor><color value="#E85336"/></borderColor><borderThickness><double value="15"/></borderThickness><padding><double value="1.03"/></padding><thickness><double value="100"/></thickness></styleBlock></styleBlock><styleSelector><simpleSelector value="*.frame3"/></styleSelector></styleDeclaration><styleDeclaration><styleBlock><styleBlock><color><color value="#F5F4F1"/></color><alpha><double value="1"/></alpha><gradEndColor><color value="#FFFFFF"/></gradEndColor><gradStartColor><color value="#656565"/></gradStartColor><fillType><fillType value="solid"/></fillType></styleBlock></styleBlock><styleSelector><simpleSelector value="background"/></styleSelector></styleDeclaration><styleDeclaration><styleBlock><styleBlock><alpha><double value="0"/></alpha></styleBlock></styleBlock><styleSelector><simpleSelector value="*.baseLine"/></styleSelector></styleDeclaration><styleDeclaration><styleBlock><styleBlock><alpha><double value="0"/></alpha></styleBlock></styleBlock><styleSelector><simpleSelector value="*.baseLine"/></styleSelector></styleDeclaration><styleDeclaration><xFields><xField name="hasFeatureTint"><xBool value="true"/></xField></xFields><styleBlock><styleBlock><xFields><xField name="colorFilter"><xJust><xConstructor type="colorFilter" name="solidColorBlend"><xField name="blendAlpha"><xDouble value="0.8"/></xField><xField name="blendColor"><xColor value="#FFFFFF"/></xField></xConstructor></xJust></xField></xFields></styleBlock></styleBlock><styleSelector><simpleSelector value="*.shapelikeFilter1"/></styleSelector></styleDeclaration><styleDeclaration><xFields><xField name="hasFeatureTint"><xBool value="true"/></xField></xFields><styleBlock><styleBlock><xFields><xField name="colorFilter"><xJust><xConstructor type="colorFilter" name="solidColorBlend"><xField name="blendAlpha"><xDouble value="0.8"/></xField><xField name="blendColor"><xColor value="#7D7D7D"/></xField></xConstructor></xJust></xField></xFields></styleBlock></styleBlock><styleSelector><simpleSelector value="*.shapelikeFilter2"/></styleSelector></styleDeclaration><styleDeclaration><xFields><xField name="hasFeatureTint"><xBool value="true"/></xField></xFields><styleBlock><styleBlock><xFields><xField name="colorFilter"><xJust><xConstructor type="colorFilter" name="solidColorBlend"><xField name="blendAlpha"><xDouble value="0.8"/></xField><xField name="blendColor"><xColor value="#4A4A4A"/></xField></xConstructor></xJust></xField></xFields></styleBlock></styleBlock><styleSelector><simpleSelector value="*.shapelikeFilter3"/></styleSelector></styleDeclaration><styleDeclaration><xFields><xField name="hasFeatureTint"><xBool value="true"/></xField></xFields><styleBlock><styleBlock><xFields><xField name="colorFilter"><xJust><xConstructor type="colorFilter" name="solidColorBlend"><xField name="blendAlpha"><xDouble value="0.8"/></xField><xField name="blendColor"><xColor value="#69DDED"/></xField></xConstructor></xJust></xField></xFields></styleBlock></styleBlock><styleSelector><simpleSelector value="*.shapelikeFilter4"/></styleSelector></styleDeclaration><styleDeclaration><xFields><xField name="hasFeatureTint"><xBool value="true"/></xField></xFields><styleBlock><styleBlock><xFields><xField name="colorFilter"><xJust><xConstructor type="colorFilter" name="solidColorBlend"><xField name="blendAlpha"><xDouble value="0.8"/></xField><xField name="blendColor"><xColor value="#2633A1"/></xField></xConstructor></xJust></xField></xFields></styleBlock></styleBlock><styleSelector><simpleSelector value="*.shapelikeFilter5"/></styleSelector></styleDeclaration><styleDeclaration><xFields><xField name="hasFeatureTint"><xBool value="true"/></xField></xFields><styleBlock><styleBlock><xFields><xField name="colorFilter"><xJust><xConstructor type="colorFilter" name="solidColorBlend"><xField name="blendAlpha"><xDouble value="0.8"/></xField><xField name="blendColor"><xColor value="#FFFFFF"/></xField></xConstructor></xJust></xField></xFields></styleBlock></styleBlock><styleSelector><simpleSelector value="*.imageFilter1"/></styleSelector></styleDeclaration><styleDeclaration><xFields><xField name="hasFeatureTint"><xBool value="true"/></xField></xFields><styleBlock><styleBlock><xFields><xField name="colorFilter"><xJust><xConstructor type="colorFilter" name="solidColorBlend"><xField name="blendAlpha"><xDouble value="0.8"/></xField><xField name="blendColor"><xColor value="#7D7D7D"/></xField></xConstructor></xJust></xField></xFields></styleBlock></styleBlock><styleSelector><simpleSelector value="*.imageFilter2"/></styleSelector></styleDeclaration><styleDeclaration><xFields><xField name="hasFeatureTint"><xBool value="true"/></xField></xFields><styleBlock><styleBlock><xFields><xField name="colorFilter"><xJust><xConstructor type="colorFilter" name="solidColorBlend"><xField name="blendAlpha"><xDouble value="0.8"/></xField><xField name="blendColor"><xColor value="#4A4A4A"/></xField></xConstructor></xJust></xField></xFields></styleBlock></styleBlock><styleSelector><simpleSelector value="*.imageFilter3"/></styleSelector></styleDeclaration><styleDeclaration><xFields><xField name="hasFeatureTint"><xBool value="true"/></xField></xFields><styleBlock><styleBlock><xFields><xField name="colorFilter"><xJust><xConstructor type="colorFilter" name="solidColorBlend"><xField name="blendAlpha"><xDouble value="0.8"/></xField><xField name="blendColor"><xColor value="#69DDED"/></xField></xConstructor></xJust></xField></xFields></styleBlock></styleBlock><styleSelector><simpleSelector value="*.imageFilter4"/></styleSelector></styleDeclaration><styleDeclaration><xFields><xField name="hasFeatureTint"><xBool value="true"/></xField></xFields><styleBlock><styleBlock><xFields><xField name="colorFilter"><xJust><xConstructor type="colorFilter" name="solidColorBlend"><xField name="blendAlpha"><xDouble value="0.8"/></xField><xField name="blendColor"><xColor value="#2633A1"/></xField></xConstructor></xJust></xField></xFields></styleBlock></styleBlock><styleSelector><simpleSelector value="*.imageFilter5"/></styleSelector></styleDeclaration><styleDeclaration><xFields><xField name="hasFeatureTint"><xBool value="true"/></xField></xFields><styleBlock><styleBlock><xFields><xField name="colorFilter"><xJust><xConstructor type="colorFilter" name="solidColorBlend"><xField name="blendAlpha"><xDouble value="0"/></xField><xField name="blendColor"><xColor value="#FFFFFF"/></xField></xConstructor></xJust></xField></xFields></styleBlock></styleBlock><styleSelector><simpleSelector value="*.backgroundFilterStyle1"/></styleSelector></styleDeclaration><styleDeclaration><xFields><xField name="hasFeatureTint"><xBool value="true"/></xField></xFields><styleBlock><styleBlock><xFields><xField name="colorFilter"><xJust><xConstructor type="colorFilter" name="solidColorBlend"><xField name="blendAlpha"><xDouble value="0"/></xField><xField name="blendColor"><xColor value="#7D7D7D"/></xField></xConstructor></xJust></xField></xFields></styleBlock></styleBlock><styleSelector><simpleSelector value="*.backgroundFilterStyle2"/></styleSelector></styleDeclaration><styleDeclaration><xFields><xField name="hasFeatureTint"><xBool value="true"/></xField></xFields><styleBlock><styleBlock><xFields><xField name="colorFilter"><xJust><xConstructor type="colorFilter" name="solidColorBlend"><xField name="blendAlpha"><xDouble value="0"/></xField><xField name="blendColor"><xColor value="#4A4A4A"/></xField></xConstructor></xJust></xField></xFields></styleBlock></styleBlock><styleSelector><simpleSelector value="*.backgroundFilterStyle3"/></styleSelector></styleDeclaration><styleDeclaration><xFields><xField name="hasFeatureTint"><xBool value="true"/></xField></xFields><styleBlock><styleBlock><xFields><xField name="colorFilter"><xJust><xConstructor type="colorFilter" name="solidColorBlend"><xField name="blendAlpha"><xDouble value="0"/></xField><xField name="blendColor"><xColor value="#69DDED"/></xField></xConstructor></xJust></xField></xFields></styleBlock></styleBlock><styleSelector><simpleSelector value="*.backgroundFilterStyle4"/></styleSelector></styleDeclaration><styleDeclaration><xFields><xField name="hasFeatureTint"><xBool value="true"/></xField></xFields><styleBlock><styleBlock><xFields><xField name="colorFilter"><xJust><xConstructor type="colorFilter" name="solidColorBlend"><xField name="blendAlpha"><xDouble value="0"/></xField><xField name="blendColor"><xColor value="#2633A1"/></xField></xConstructor></xJust></xField></xFields></styleBlock></styleBlock><styleSelector><simpleSelector value="*.backgroundFilterStyle5"/></styleSelector></styleDeclaration><styleDeclaration><xFields><xField name="hasFeatureTint"><xBool value="true"/></xField></xFields><styleBlock><styleBlock><xFields><xField name="colorFilter"><xJust><xConstructor type="colorFilter" name="solidColorBlend"><xField name="blendAlpha"><xDouble value="1"/></xField><xField name="blendColor"><xColor value="#FFFFFF"/></xField></xConstructor></xJust></xField></xFields></styleBlock></styleBlock><styleSelector><simpleSelector value="*.fullBlendShapelikeFilter1"/></styleSelector></styleDeclaration><styleDeclaration><xFields><xField name="hasFeatureTint"><xBool value="true"/></xField></xFields><styleBlock><styleBlock><xFields><xField name="colorFilter"><xJust><xConstructor type="colorFilter" name="solidColorBlend"><xField name="blendAlpha"><xDouble value="1"/></xField><xField name="blendColor"><xColor value="#7D7D7D"/></xField></xConstructor></xJust></xField></xFields></styleBlock></styleBlock><styleSelector><simpleSelector value="*.fullBlendShapelikeFilter2"/></styleSelector></styleDeclaration><styleDeclaration><xFields><xField name="hasFeatureTint"><xBool value="true"/></xField></xFields><styleBlock><styleBlock><xFields><xField name="colorFilter"><xJust><xConstructor type="colorFilter" name="solidColorBlend"><xField name="blendAlpha"><xDouble value="1"/></xField><xField name="blendColor"><xColor value="#4A4A4A"/></xField></xConstructor></xJust></xField></xFields></styleBlock></styleBlock><styleSelector><simpleSelector value="*.fullBlendShapelikeFilter3"/></styleSelector></styleDeclaration><styleDeclaration><xFields><xField name="hasFeatureTint"><xBool value="true"/></xField></xFields><styleBlock><styleBlock><xFields><xField name="colorFilter"><xJust><xConstructor type="colorFilter" name="solidColorBlend"><xField name="blendAlpha"><xDouble value="1"/></xField><xField name="blendColor"><xColor value="#69DDED"/></xField></xConstructor></xJust></xField></xFields></styleBlock></styleBlock><styleSelector><simpleSelector value="*.fullBlendShapelikeFilter4"/></styleSelector></styleDeclaration><styleDeclaration><xFields><xField name="hasFeatureTint"><xBool value="true"/></xField></xFields><styleBlock><styleBlock><xFields><xField name="colorFilter"><xJust><xConstructor type="colorFilter" name="solidColorBlend"><xField name="blendAlpha"><xDouble value="1"/></xField><xField name="blendColor"><xColor value="#2633A1"/></xField></xConstructor></xJust></xField></xFields></styleBlock></styleBlock><styleSelector><simpleSelector value="*.fullBlendShapelikeFilter5"/></styleSelector></styleDeclaration><styleDeclaration><styleBlock><styleBlock><thickness><double value="0.9580270627958529"/></thickness></styleBlock></styleBlock><styleSelector><simpleSelector value="#C242BFB5678F88F067A76312723F3632"/></styleSelector></styleDeclaration><styleDeclaration><styleBlock><styleBlock><thickness><double value="0.9580270627958529"/></thickness></styleBlock></styleBlock><styleSelector><simpleSelector value="#D5A736D63C6E224EA615A11D6524F64C"/></styleSelector></styleDeclaration><styleDeclaration><styleBlock><styleBlock><thickness><double value="0.9580270627958529"/></thickness></styleBlock></styleBlock><styleSelector><simpleSelector value="#6FF10BFBF6D05B660B1F54A09FB8D73F"/></styleSelector></styleDeclaration><styleDeclaration><styleBlock><styleBlock><thickness><double value="0.9580270627958529"/></thickness></styleBlock></styleBlock><styleSelector><simpleSelector value="#1C7F7E7DE4CBB5CDE03C50482B4171EA"/></styleSelector></styleDeclaration><styleDeclaration><styleBlock><styleBlock><thickness><double value="0.9580270627958529"/></thickness></styleBlock></styleBlock><styleSelector><simpleSelector value="#FEA85D25F7340139CF4131048698C346"/></styleSelector></styleDeclaration><styleDeclaration><styleBlock><styleBlock><thickness><double value="0.9580270627958529"/></thickness></styleBlock></styleBlock><styleSelector><simpleSelector value="#98DA963176B5BFA358E337494EB5ECD7"/></styleSelector></styleDeclaration><styleDeclaration><styleBlock><styleBlock><thickness><double value="0.9580270627958529"/></thickness></styleBlock></styleBlock><styleSelector><simpleSelector value="#09D62F40B724E87FEA1B78FFC2C9D990"/></styleSelector></styleDeclaration><styleDeclaration><styleBlock><styleBlock><color><color value="#4A4A4A"/></color><gradEndColor><color value="#4A4A4A"/></gradEndColor><gradStartColor><color value="#4A4A4A"/></gradStartColor><thickness><double value="2.1868894082368624"/></thickness></styleBlock></styleBlock><styleSelector><simpleSelector value="#9D288D2D11E9D1A4778B31C7C03E987B"/></styleSelector></styleDeclaration><styleDeclaration><styleBlock><styleBlock><thickness><double value="2.1522509645206735"/></thickness></styleBlock></styleBlock><styleSelector><simpleSelector value="#060BD1D2FC797F6FB57E15BF727ADBFC"/></styleSelector></styleDeclaration><styleDeclaration><styleBlock><styleBlock><thickness><double value="2.1522509645206735"/></thickness></styleBlock></styleBlock><styleSelector><simpleSelector value="#8FC710E3F537D176F3BA326FF4B712A7"/></styleSelector></styleDeclaration><styleDeclaration><styleBlock><styleBlock><thickness><double value="2.1522509645206735"/></thickness></styleBlock></styleBlock><styleSelector><simpleSelector value="#A6250418A1EAAE2DDFE652CB79473E0B"/></styleSelector></styleDeclaration><styleDeclaration><styleBlock><styleBlock><thickness><double value="2.1522509645206735"/></thickness></styleBlock></styleBlock><styleSelector><simpleSelector value="#28948F615E66322D8E1DF44D03D0EF03"/></styleSelector></styleDeclaration><styleDeclaration><styleBlock><styleBlock><thickness><double value="2.1522509645206735"/></thickness></styleBlock></styleBlock><styleSelector><simpleSelector value="#FFE61463B74E4C1C2086799F3F1F50E2"/></styleSelector></styleDeclaration><styleDeclaration><styleBlock><styleBlock><thickness><double value="2.1522509645206735"/></thickness></styleBlock></styleBlock><styleSelector><simpleSelector value="#A92DF3625C2EF838E4A5771F2479DFDA"/></styleSelector></styleDeclaration><styleDeclaration><styleBlock><styleBlock><color><color value="#FF8C00"/></color><gradEndColor><color value="#FF8C00"/></gradEndColor><gradStartColor><color value="#FF8C00"/></gradStartColor></styleBlock></styleBlock><styleSelector><simpleSelector value="#E8E38949B686D17094A15DF47E88571F"/></styleSelector></styleDeclaration></array></styleDeclarations></documentStyle></documentStyle><overview><overview><xFields><xField name="usesChapters"><xBool value="true"/></xField><xField name="contentGroups"><xArray><xRecord type="group"><xField name="id"><xString value="7F4C90D91AEC058220FC1C203F11F7EB"/></xField></xRecord><xRecord type="group"><xField name="id"><xString value="E1884C80E2CE15E3B975B092BE2E9342"/></xField></xRecord><xRecord type="group"><xField name="id"><xString value="EBBFE4E560291AF82E254FBDCAB17B16"/></xField></xRecord><xRecord type="group"><xField name="id"><xString value="9EC7F433C604F62B61C0953DBFF9545F"/></xField></xRecord><xRecord type="group"><xField name="id"><xString value="7740CC9D45FCA3F80B170CF93C022493"/></xField></xRecord><xRecord type="group"><xField name="id"><xString value="CD1D1F9DED9AF6982B10896D7256E700"/></xField></xRecord><xRecord type="group"><xField name="id"><xString value="885E8AB89A851D347D7C07DBB2DB074D"/></xField></xRecord><xRecord type="group"><xField name="id"><xString value="84E1E243593F39734AF3EC5BBFE4CEAA"/></xField></xRecord><xRecord type="group"><xField name="id"><xString value="94E345CB7BB44F1B646FD94347A47754"/></xField></xRecord><xRecord type="group"><xField name="id"><xString value="E27FAF74E28B5C3933F2D11374D4BE07"/></xField></xRecord><xRecord type="group"><xField name="id"><xString value="B814EA1C5BCB2098599EAEEA8FF69C33"/></xField></xRecord><xRecord type="group"><xField name="id"><xString value="EFF52CBEAD76D784D9A55604699949B3"/></xField></xRecord><xRecord type="group"><xField name="id"><xString value="7769DF3C82F55634CF151A4DBD252E85"/></xField></xRecord><xRecord type="group"><xField name="id"><xString value="9AA326F0EA88D19D55AE5810B663814E"/></xField></xRecord><xRecord type="group"><xField name="id"><xString value="562EB9661ADB2FC177BD40ADE4FB5A48"/></xField></xRecord><xRecord type="group"><xField name="id"><xString value="0EEF7F276285DB41D7F0E7D579F6CBC6"/></xField></xRecord><xRecord type="group"><xField name="id"><xString value="8969B2DBDA84E1FCF31997AD302ADC0C"/></xField></xRecord><xRecord type="group"><xField name="id"><xString value="6C0122CF259AFCF8E8D92E2E5E255E7F"/></xField></xRecord></xArray></xField></xFields><minimumScale><transform2D x="0" y="0" scale="2000" rotation="0"/></minimumScale><smartStructure><xConstructor name="unifiedSmartStructure" type="smartStructure"><xField name="children"><xArray/></xField><xField name="id"><xString value="181F4DF05EE7F2B06155DBAC5A590ACF"/></xField></xConstructor></smartStructure></overview></overview><path><array><flyToOverview><actions><array><xConstructor name="zoomToObject" type="pathAction"><xField name="target"><xRef value="5961D1FEA115E464C1F1FA38AD18BAF5"/></xField></xConstructor><xConstructor name="fadeInObjects" type="pathAction"><xField name="targetGroups"><xArray><xRef value="885E8AB89A851D347D7C07DBB2DB074D"/></xArray></xField></xConstructor><xConstructor name="fadeInObjects" type="pathAction"><xField name="targetGroups"><xArray><xRef value="7F4C90D91AEC058220FC1C203F11F7EB"/></xArray></xField></xConstructor><xConstructor name="zoomToObject" type="pathAction"><xField name="target"><xRef value="47A94498F756F743739744EA55C2D1C4"/></xField></xConstructor><fadeInObject><target><ref value="D5A736D63C6E224EA615A11D6524F64C"/></target></fadeInObject><xConstructor name="fadeInObjects" type="pathAction"><xField name="targetGroups"><xArray><xRef value="E1884C80E2CE15E3B975B092BE2E9342"/></xArray></xField></xConstructor><xConstructor name="fadeInObjects" type="pathAction"><xField name="targetGroups"><xArray><xRef value="EBBFE4E560291AF82E254FBDCAB17B16"/></xArray></xField></xConstructor><xConstructor name="fadeInObjects" type="pathAction"><xField name="targetGroups"><xArray><xRef value="9EC7F433C604F62B61C0953DBFF9545F"/></xArray></xField></xConstructor><xConstructor name="zoomToObject" type="pathAction"><xField name="target"><xRef value="47A94498F756F743739744EA55C2D1C4"/></xField></xConstructor><xConstructor name="fadeInObjects" type="pathAction"><xField name="targetGroups"><xArray><xRef value="7740CC9D45FCA3F80B170CF93C022493"/></xArray></xField></xConstructor><xConstructor name="fadeInObjects" type="pathAction"><xField name="targetGroups"><xArray><xRef value="CD1D1F9DED9AF6982B10896D7256E700"/></xArray></xField></xConstructor><fadeInObject><target><ref value="9D288D2D11E9D1A4778B31C7C03E987B"/></target></fadeInObject><fadeInObject><target><ref value="ADC719E7A31D0C977237D61C7FF6A3BB"/></target></fadeInObject><xConstructor name="zoomToObject" type="pathAction"><xField name="target"><xRef value="D1D0092B949BF7F279912B17C0025C14"/></xField></xConstructor><xConstructor name="fadeOutObjects" type="pathAction"><xField name="targetGroups"><xArray><xRef value="885E8AB89A851D347D7C07DBB2DB074D"/></xArray></xField></xConstructor><xConstructor name="fadeOutObjects" type="pathAction"><xField name="targets"><xArray><xRef value="D5A736D63C6E224EA615A11D6524F64C"/></xArray></xField><xField name="targetGroups"><xArray><xRef value="7F4C90D91AEC058220FC1C203F11F7EB"/><xRef value="E1884C80E2CE15E3B975B092BE2E9342"/><xRef value="EBBFE4E560291AF82E254FBDCAB17B16"/><xRef value="9EC7F433C604F62B61C0953DBFF9545F"/><xRef value="7740CC9D45FCA3F80B170CF93C022493"/><xRef value="CD1D1F9DED9AF6982B10896D7256E700"/></xArray></xField></xConstructor><xConstructor name="fadeOutObjects" type="pathAction"><xField name="targetGroups"><xArray><xRef value="7F4C90D91AEC058220FC1C203F11F7EB"/></xArray></xField></xConstructor><xConstructor name="fadeOutObjects" type="pathAction"><xField name="targets"><xArray><xRef value="D5A736D63C6E224EA615A11D6524F64C"/></xArray></xField><xField name="targetGroups"><xArray><xRef value="E1884C80E2CE15E3B975B092BE2E9342"/><xRef value="EBBFE4E560291AF82E254FBDCAB17B16"/><xRef value="9EC7F433C604F62B61C0953DBFF9545F"/><xRef value="7740CC9D45FCA3F80B170CF93C022493"/><xRef value="CD1D1F9DED9AF6982B10896D7256E700"/></xArray></xField></xConstructor><fadeInObject><target><ref value="ED5E200FA0F5DDF533005423DC114D32"/></target></fadeInObject><xConstructor name="zoomToObject" type="pathAction"><xField name="target"><xRef value="CC6E8C4DCA8891EADF121CE510B5AD74"/></xField></xConstructor><xConstructor name="fadeInObjects" type="pathAction"><xField name="targetGroups"><xArray><xRef value="84E1E243593F39734AF3EC5BBFE4CEAA"/></xArray></xField></xConstructor><xConstructor name="zoomToObject" type="pathAction"><xField name="target"><xRef value="9F7A31A98EFE3BC21D3334B750EB1120"/></xField></xConstructor><xConstructor name="fadeOutObject" type="pathAction"><xField name="target"><xRef value="9D288D2D11E9D1A4778B31C7C03E987B"/></xField></xConstructor><fadeInObject><target><ref value="4EC5101339001C8CE82A3F6C4999D685"/></target></fadeInObject><fadeInObject><target><ref value="D827D8DCBEFFFAC246F6F18989FC6040"/></target></fadeInObject><xConstructor name="fadeInObjects" type="pathAction"><xField name="targetGroups"><xArray><xRef value="94E345CB7BB44F1B646FD94347A47754"/></xArray></xField></xConstructor><xConstructor name="zoomToObject" type="pathAction"><xField name="target"><xRef value="AF0805735C1D867D01751F422C999E71"/></xField></xConstructor><xConstructor name="fadeInObjects" type="pathAction"><xField name="targetGroups"><xArray><xRef value="E27FAF74E28B5C3933F2D11374D4BE07"/></xArray></xField></xConstructor><xConstructor name="zoomToObject" type="pathAction"><xField name="target"><xRef value="BC305670E3EC6AA16997C0F5028DFE48"/></xField></xConstructor><xConstructor name="fadeInObjects" type="pathAction"><xField name="targetGroups"><xArray><xRef value="B814EA1C5BCB2098599EAEEA8FF69C33"/></xArray></xField></xConstructor><xConstructor name="fadeOutObjects" type="pathAction"><xField name="targetGroups"><xArray><xRef value="E27FAF74E28B5C3933F2D11374D4BE07"/></xArray></xField></xConstructor><xConstructor name="zoomToObject" type="pathAction"><xField name="target"><xRef value="152EB434C8A1471BCF255D503F67E01E"/></xField></xConstructor><xConstructor name="zoomToObject" type="pathAction"><xField name="target"><xRef value="10DD8D56F1BCC9F1AD06C065A065D7ED"/></xField></xConstructor><fadeInObject><target><ref value="A6250418A1EAAE2DDFE652CB79473E0B"/></target></fadeInObject><xConstructor name="zoomToObject" type="pathAction"><xField name="target"><xRef value="2F497D5CDC4F7D5BD5DA6FCAFD9CA21D"/></xField></xConstructor><xConstructor name="fadeInObjects" type="pathAction"><xField name="targetGroups"><xArray><xRef value="0EEF7F276285DB41D7F0E7D579F6CBC6"/></xArray></xField></xConstructor><xConstructor name="zoomToObject" type="pathAction"><xField name="target"><xRef value="577A451E87C2FCC97A2BD609A680B7D5"/></xField></xConstructor><xConstructor name="fadeInObjects" type="pathAction"><xField name="targetGroups"><xArray><xRef value="EFF52CBEAD76D784D9A55604699949B3"/></xArray></xField></xConstructor><xConstructor name="zoomToObject" type="pathAction"><xField name="target"><xRef value="F0C9F5568A65AA7F47146827B1F2EF76"/></xField></xConstructor><xConstructor name="fadeInObjects" type="pathAction"><xField name="targetGroups"><xArray><xRef value="8969B2DBDA84E1FCF31997AD302ADC0C"/></xArray></xField></xConstructor><xConstructor name="zoomToObject" type="pathAction"><xField name="target"><xRef value="4BCC985850960B6C1919DCC367134086"/></xField></xConstructor><xConstructor name="fadeInObjects" type="pathAction"><xField name="targetGroups"><xArray><xRef value="7769DF3C82F55634CF151A4DBD252E85"/></xArray></xField></xConstructor><xConstructor name="zoomToObject" type="pathAction"><xField name="target"><xRef value="B1E1F88155B52BC370DB26EB9903E504"/></xField></xConstructor><xConstructor name="fadeInObjects" type="pathAction"><xField name="targetGroups"><xArray><xRef value="6C0122CF259AFCF8E8D92E2E5E255E7F"/></xArray></xField></xConstructor><xConstructor name="zoomToObject" type="pathAction"><xField name="target"><xRef value="049E5878B68D539081C0D95D034ED901"/></xField></xConstructor><xConstructor name="fadeInObjects" type="pathAction"><xField name="targetGroups"><xArray><xRef value="9AA326F0EA88D19D55AE5810B663814E"/></xArray></xField></xConstructor><xConstructor name="zoomToObject" type="pathAction"><xField name="target"><xRef value="E795094122BF4BE8543B5BB24CF29266"/></xField></xConstructor><fadeInObject><target><ref value="4F66BE58467E2AAB504409000981D315"/></target></fadeInObject><xConstructor name="zoomToObject" type="pathAction"><xField name="target"><xRef value="2C35CD1F123D2EF3247526EFDD0E0A8F"/></xField></xConstructor><xConstructor name="fadeInObjects" type="pathAction"><xField name="targetGroups"><xArray><xRef value="562EB9661ADB2FC177BD40ADE4FB5A48"/></xArray></xField></xConstructor><xConstructor name="zoomToObject" type="pathAction"><xField name="target"><xRef value="63A4CBC0DA349BF996D004B326CAB08C"/></xField></xConstructor></array></actions></flyToOverview></array></path><templateInfo><templateInfo><baseId><string value="blank_-_white:blank_-_white_default"/></baseId><themeId><string value="not-used"/></themeId></templateInfo></templateInfo><zObjects><array><zImage><xFields><xField name="groupId"><xJust><xRef value="E27FAF74E28B5C3933F2D11374D4BE07"/></xJust></xField></xFields><id><string value="DD66C784C49DA654B65BD8799252F813"/></id><onlineAssetId><string value="15438356615"/></onlineAssetId><onlineAssetUrl><string value="http://0103.static.prezi.com.s3.amazonaws.com/media/8/7/1/4/e/24053fd46b58b9569e1f9b12c6c.png"/></onlineAssetUrl><offlineAssetId><string value="0.35184dd71f22e"/></offlineAssetId><assetSourceFilename><string value="gradiente_latitud.png"/></assetSourceFilename><width><double value="2048"/></width><height><double value="2732"/></height><mask><rectangle x="250" y="1572" w="904" h="915"/></mask><localToWorld><transform2D x="-47202.850148959566" y="-18664.824323907975" scale="236.8415813892924" rotation="0"/></localToWorld></zImage><zImage><id><string value="ED5E200FA0F5DDF533005423DC114D32"/></id><onlineAssetId><string value="12662140085"/></onlineAssetId><onlineAssetUrl><string value="http://0103.static.prezi.com.s3.amazonaws.com/media/5/a/1/c/1/1e3a19b4a8ba972090200763023.png"/></onlineAssetUrl><offlineAssetId><string value="0.4697c1a8eebbe"/></offlineAssetId><assetSourceFilename><string value="Paper.Practica_mapa_biodiversidad.2.png"/></assetSourceFilename><width><double value="1499"/></width><height><double value="2000"/></height><mask><rectangle x="82" y="1537" w="1285" h="463"/></mask><localToWorld><transform2D x="-10199.462930310812" y="2964.950346011383" scale="4.117107897664072" rotation="0"/></localToWorld></zImage><zText><id><string value="ADC719E7A31D0C977237D61C7FF6A3BB"/></id><text><text><width>419.7232483490574</width><p align="center"><span size="24"><![CDATA[Una comunidad es el conjunto de individuos de distintas especies que comparten un hábitat concreto.]]></span></p></text></text><styleClasses><array><token value="body"/></array></styleClasses><localToWorld><transform2D x="-10455.915650374072" y="4255.7772804365995" scale="7.9974532969693986" rotation="0"/></localToWorld></zText><zText><xFields><xField name="groupId"><xJust><xRef value="885E8AB89A851D347D7C07DBB2DB074D"/></xJust></xField></xFields><id><string value="A44B0C44202B61ED424CD5C5520EFC7E"/></id><text><text><width>419.7232483490574</width><p align="center"><span size="24" weight="bold"><![CDATA[Generalidades sobre comunidades.]]></span></p><p align="center"><span size="24" weight="bold"><![CDATA[El concepto de diversidad.]]></span></p></text></text><styleClasses><array><token value="body"/></array></styleClasses><localToWorld><transform2D x="-10661.321718028676" y="5851.698437526187" scale="7.166580236279627" rotation="0"/></localToWorld></zText><zText><xFields><xField name="groupId"><xJust><xRef value="7F4C90D91AEC058220FC1C203F11F7EB"/></xJust></xField></xFields><id><string value="234A5E07AA9E50815604D8EF19E739E0"/></id><text><text><width>137.84681342144347</width><p><span size="24" weight="bold"><![CDATA[Objetivos]]></span></p></text></text><styleClasses><array><token value="body"/></array></styleClasses><localToWorld><transform2D x="-8966.777066842735" y="6634.34253198413" scale="3.302556514476225" rotation="0"/></localToWorld></zText><zText><xFields><xField name="groupId"><xJust><xRef value="E1884C80E2CE15E3B975B092BE2E9342"/></xJust></xField></xFields><id><string value="6202514CD2DF9655900378B32106486B"/></id><text><text><width>326.5199890136716</width><p><span size="24"><![CDATA[Conocer el concepto de comunidad ecológica]]></span></p></text></text><styleClasses><array><token value="body"/></array></styleClasses><localToWorld><transform2D x="-8212.862877134768" y="6181.894901717801" scale="2.0827413173507456" rotation="0"/></localToWorld></zText><zText><xFields><xField name="groupId"><xJust><xRef value="EBBFE4E560291AF82E254FBDCAB17B16"/></xJust></xField></xFields><id><string value="F650A249B2A4BE1C8C22994287E90EE3"/></id><text><text><width>416.17454170735516</width><p><span size="24"><![CDATA[Comprender el "comportamiento" del concepto en función del tiempo y del espacio]]></span></p></text></text><styleClasses><array><token value="body"/></array></styleClasses><localToWorld><transform2D x="-8117.399853385363" y="6397.398573087609" scale="2.0827413173507523" rotation="0"/></localToWorld></zText><zText><xFields><xField name="groupId"><xJust><xRef value="7740CC9D45FCA3F80B170CF93C022493"/></xJust></xField></xFields><id><string value="16601D309A931E2171D2059AD4E5A4AA"/></id><text><text><width>378.43200683593795</width><p><span size="24"><![CDATA[Experimentar la importancia de la interdependencia de los miembros de una comunidad]]></span></p></text></text><styleClasses><array><token value="body"/></array></styleClasses><localToWorld><transform2D x="-8158.553295973988" y="6887.041436602035" scale="2.0827413173507408" rotation="0"/></localToWorld></zText><zText><xFields><xField name="groupId"><xJust><xRef value="9EC7F433C604F62B61C0953DBFF9545F"/></xJust></xField></xFields><id><string value="D964E74A428A82C8FBA8BCB521CA5E0A"/></id><text><text><width>392.05099477761695</width><p><span size="24"><![CDATA[Conocer algunos descriptores de las comunidades ecológicas]]></span></p></text></text><styleClasses><array><token value="body"/></array></styleClasses><localToWorld><transform2D x="-8142.521407341175" y="6655.014562310039" scale="2.082741317350748" rotation="0"/></localToWorld></zText><zText><xFields><xField name="groupId"><xJust><xRef value="CD1D1F9DED9AF6982B10896D7256E700"/></xJust></xField></xFields><id><string value="E746DA7E2BC294C32AD817C53E9C9EB9"/></id><text><text><width>367.89600813388654</width><p><span size="24"><![CDATA[Reconocer la existencia de propiedades emergentes en el concepto de comunidad]]></span></p></text></text><styleClasses><array><token value="body"/></array></styleClasses><localToWorld><transform2D x="-8171.024749938533" y="7107.4822258094155" scale="2.0827413173507408" rotation="0"/></localToWorld></zText><zLine><xFields><xField name="groupId"><xJust><xRef value="7F4C90D91AEC058220FC1C203F11F7EB"/></xJust></xField></xFields><id><string value="C242BFB5678F88F067A76312723F3632"/></id><startEndDistance><double value="73.20663801013482"/></startEndDistance><styleClasses><array><token value="line2"/></array></styleClasses><localToWorld><transform2D x="-8916.193944389839" y="6710.145984341165" scale="8.203400624095526" rotation="0"/></localToWorld></zLine><zLine><id><string value="D5A736D63C6E224EA615A11D6524F64C"/></id><startEndDistance><double value="116.76271054579792"/></startEndDistance><styleClasses><array><token value="line2"/></array></styleClasses><localToWorld><transform2D x="-8608.652139442558" y="6726.334896380678" scale="8.203400624095472" rotation="-1.5707963267948966"/></localToWorld></zLine><zLine><xFields><xField name="groupId"><xJust><xRef value="E1884C80E2CE15E3B975B092BE2E9342"/></xJust></xField></xFields><id><string value="6FF10BFBF6D05B660B1F54A09FB8D73F"/></id><startEndDistance><double value="82.95881244001261"/></startEndDistance><connectorHead><connectorEnd><target><ref value="6202514CD2DF9655900378B32106486B"/></target></connectorEnd></connectorHead><styleClasses><array><token value="line2"/></array></styleClasses><localToWorld><transform2D x="-8264.266516962463" y="6243.477524767984" scale="8.203400624095485" rotation="0"/></localToWorld></zLine><zLine><xFields><xField name="groupId"><xJust><xRef value="EBBFE4E560291AF82E254FBDCAB17B16"/></xJust></xField></xFields><id><string value="1C7F7E7DE4CBB5CDE03C50482B4171EA"/></id><startEndDistance><double value="99.85680410247302"/></startEndDistance><styleClasses><array><token value="line2"/></array></styleClasses><localToWorld><transform2D x="-8191.026479385166" y="6502.9368277530275" scale="8.2034006240955" rotation="0"/></localToWorld></zLine><zLine><xFields><xField name="groupId"><xJust><xRef value="9EC7F433C604F62B61C0953DBFF9545F"/></xJust></xField></xFields><id><string value="FEA85D25F7340139CF4131048698C346"/></id><startEndDistance><double value="120.30880328667318"/></startEndDistance><styleClasses><array><token value="line2"/></array></styleClasses><localToWorld><transform2D x="-8103.208968046911" y="6751.984439801339" scale="8.203400624095488" rotation="0"/></localToWorld></zLine><zLine><xFields><xField name="groupId"><xJust><xRef value="7740CC9D45FCA3F80B170CF93C022493"/></xJust></xField></xFields><id><string value="98DA963176B5BFA358E337494EB5ECD7"/></id><startEndDistance><double value="110.06555929878088"/></startEndDistance><styleClasses><array><token value="line2"/></array></styleClasses><localToWorld><transform2D x="-8153.082764913255" y="6997.11620045591" scale="8.203400624095472" rotation="0"/></localToWorld></zLine><zLine><xFields><xField name="groupId"><xJust><xRef value="CD1D1F9DED9AF6982B10896D7256E700"/></xJust></xField></xFields><id><string value="09D62F40B724E87FEA1B78FFC2C9D990"/></id><startEndDistance><double value="91.03453361834394"/></startEndDistance><styleClasses><array><token value="line2"/></array></styleClasses><localToWorld><transform2D x="-8223.283249080456" y="7205.260542661939" scale="8.203400624095453" rotation="0"/></localToWorld></zLine><xConstructor name="zZoomArea" type="zObject"><xField name="id"><xString value="5961D1FEA115E464C1F1FA38AD18BAF5"/></xField><xField name="width"><xDouble value="160"/></xField><xField name="height"><xDouble value="90"/></xField><xField name="localToWorld"><xTransform2D x="-10677.701796487487" y="6489.1379713860715" scale="27.242238813558856" rotation="0"/></xField></xConstructor><zImage><xFields><xField name="groupId"><xJust><xRef value="885E8AB89A851D347D7C07DBB2DB074D"/></xJust></xField></xFields><id><string value="BC881C02D26354ADE4EF41A081D0C4D1"/></id><onlineAssetId><string value="12664053268"/></onlineAssetId><onlineAssetUrl><string value="http://0103.static.prezi.com.s3.amazonaws.com/media/8/c/1/c/1/0a0eae64537820b307453e86125.png"/></onlineAssetUrl><offlineAssetId><string value="0.2907ddfc69d5f"/></offlineAssetId><assetSourceFilename><string value="image.png"/></assetSourceFilename><width><double value="2000"/></width><height><double value="780"/></height><localToWorld><transform2D x="-10687.930412070478" y="6748.621370083142" scale="1.4689361634850795" rotation="0"/></localToWorld></zImage><xConstructor name="zZoomArea" type="zObject"><xField name="id"><xString value="47A94498F756F743739744EA55C2D1C4"/></xField><xField name="width"><xDouble value="160"/></xField><xField name="height"><xDouble value="90"/></xField><xField name="localToWorld"><xTransform2D x="-8284.269153422556" y="6678.418275641538" scale="14.29084884890631" rotation="0"/></xField></xConstructor><zArrow><id><string value="9D288D2D11E9D1A4778B31C7C03E987B"/></id><startEndDistance><double value="126.89631134550962"/></startEndDistance><arcHeight><double value="30.80498346994791"/></arcHeight><styleClasses><array><token value="line2"/></array></styleClasses><localToWorld><transform2D x="-7943.652578820007" y="4948.678793888871" scale="18.11786544708648" rotation="-1.9538733923319356"/></localToWorld></zArrow><xConstructor name="zZoomArea" type="zObject"><xField name="id"><xString value="D1D0092B949BF7F279912B17C0025C14"/></xField><xField name="width"><xDouble value="194.76058404199236"/></xField><xField name="height"><xDouble value="90"/></xField><xField name="localToWorld"><xTransform2D x="-10236.650178755064" y="4154.806369874674" scale="27.46870470881087" rotation="0"/></xField></xConstructor><xConstructor name="zZoomArea" type="zObject"><xField name="id"><xString value="CC6E8C4DCA8891EADF121CE510B5AD74"/></xField><xField name="width"><xDouble value="160"/></xField><xField name="height"><xDouble value="90"/></xField><xField name="localToWorld"><xTransform2D x="-10236.650178755064" y="3023.2904050288125" scale="29.817291654159547" rotation="0"/></xField></xConstructor><zImage><id><string value="4EC5101339001C8CE82A3F6C4999D685"/></id><onlineAssetId><string value="12662140085"/></onlineAssetId><onlineAssetUrl><string value="http://0103.static.prezi.com.s3.amazonaws.com/media/5/a/1/c/1/1e3a19b4a8ba972090200763023.png"/></onlineAssetUrl><offlineAssetId><string value="0.4697c1a8eebbe"/></offlineAssetId><assetSourceFilename><string value="Paper.Practica_mapa_biodiversidad.2.png"/></assetSourceFilename><width><double value="1499"/></width><height><double value="2000"/></height><mask><rectangle x="152" y="1085" w="1176" h="433"/></mask><localToWorld><transform2D x="-10100.329513156748" y="2738.1394041915064" scale="4.117107897664074" rotation="0"/></localToWorld></zImage><xConstructor name="zZoomArea" type="zObject"><xField name="id"><xString value="9F7A31A98EFE3BC21D3334B750EB1120"/></xField><xField name="width"><xDouble value="170.079401367062"/></xField><xField name="height"><xDouble value="90.00000000000003"/></xField><xField name="localToWorld"><xTransform2D x="-11001.674300248338" y="2849.0128987391827" scale="38.74261555223894" rotation="0"/></xField></xConstructor><zImage><id><string value="D827D8DCBEFFFAC246F6F18989FC6040"/></id><onlineAssetId><string value="12662146320"/></onlineAssetId><onlineAssetUrl><string value="http://0103.static.prezi.com.s3.amazonaws.com/media/f/a/5/9/5/ff874fd4daebbf300441059b548.png"/></onlineAssetUrl><offlineAssetId><string value="0.fc346eb9f93d3"/></offlineAssetId><assetSourceFilename><string value="Paper.Practica_mapa_biodiversidad.3.png"/></assetSourceFilename><width><double value="1499"/></width><height><double value="2000"/></height><mask><rectangle x="178" y="969" w="1130" h="512"/></mask><localToWorld><transform2D x="-10159.677994631604" y="2685.7961831753382" scale="4.117107897664074" rotation="0"/></localToWorld></zImage><zText><xFields><xField name="groupId"><xJust><xRef value="84E1E243593F39734AF3EC5BBFE4CEAA"/></xJust></xField></xFields><id><string value="71E0485D89BE6017835A535E3CB7C70D"/></id><text><text><width>443.7101350275199</width><p><span size="24"><![CDATA[Su escala espacial es variable. Depende de la escala del estudio.]]></span></p></text></text><styleClasses><array><token value="body"/></array></styleClasses><localToWorld><transform2D x="-13266.347032252603" y="3170.2792774157074" scale="3.777868837433492" rotation="0"/></localToWorld></zText><zLine><xFields><xField name="groupId"><xJust><xRef value="84E1E243593F39734AF3EC5BBFE4CEAA"/></xJust></xField></xFields><id><string value="060BD1D2FC797F6FB57E15BF727ADBFC"/></id><startEndDistance><double value="226.32667660766094"/></startEndDistance><styleClasses><array><token value="line2"/></array></styleClasses><localToWorld><transform2D x="-13234.486896833194" y="3320.1228798843013" scale="8.243273418273414" rotation="2.4374444481170293e-16"/></localToWorld></zLine><zText><xFields><xField name="groupId"><xJust><xRef value="94E345CB7BB44F1B646FD94347A47754"/></xJust></xField></xFields><id><string value="F15FDD2432FEC0E20F517C67DD4DE956"/></id><text><text><width>373.64876035358395</width><p align="right"><span size="24"><![CDATA[En cualquier escala espacial se pueden usar varios descriptores para caracterizar las comunidades]]></span></p></text></text><styleClasses><array><token value="body"/></array></styleClasses><localToWorld><transform2D x="-7352.3557856859425" y="2963.7641679182434" scale="4.49781323221826" rotation="0"/></localToWorld></zText><zLine><xFields><xField name="groupId"><xJust><xRef value="94E345CB7BB44F1B646FD94347A47754"/></xJust></xField></xFields><id><string value="8FC710E3F537D176F3BA326FF4B712A7"/></id><startEndDistance><double value="275.15508763021523"/></startEndDistance><styleClasses><array><token value="line2"/></array></styleClasses><localToWorld><transform2D x="-7564.759157152931" y="3264.633649510725" scale="8.204842737361089" rotation="0"/></localToWorld></zLine><zText><xFields><xField name="groupId"><xJust><xRef value="0EEF7F276285DB41D7F0E7D579F6CBC6"/></xJust></xField></xFields><id><string value="E15A2F2F4DEFCD459BFFCEFDB7077D7D"/></id><text><text><width>389.3593985456961</width><p><span size="24"><![CDATA[Riqueza: Número de especies]]></span></p></text></text><styleClasses><array><token value="body"/></array></styleClasses><localToWorld><transform2D x="-5363.399069283457" y="2453.074738514911" scale="4.518880549492159" rotation="0"/></localToWorld></zText><zText><xFields><xField name="groupId"><xJust><xRef value="8969B2DBDA84E1FCF31997AD302ADC0C"/></xJust></xField></xFields><id><string value="2A42F4737664B908BFD4968EE3E1BCE7"/></id><text><text><width>340.1788508357268</width><p><span size="24"><![CDATA[Diversidad: también considera la abundancia de cada especie]]></span></p></text></text><styleClasses><array><token value="body"/></array></styleClasses><localToWorld><transform2D x="-5469.530735511766" y="2991.4403843524015" scale="4.5188805494921604" rotation="0"/></localToWorld></zText><zText><xFields><xField name="groupId"><xJust><xRef value="6C0122CF259AFCF8E8D92E2E5E255E7F"/></xJust></xField></xFields><id><string value="90C7982BD97465C08D1ABEFDFC2A62C8"/></id><text><text><width>344.7120056152346</width><p><span size="24"><![CDATA[Diagramas rango-abundancia]]></span></p></text></text><styleClasses><array><token value="body"/></array></styleClasses><localToWorld><transform2D x="-5455.167094609257" y="3654.3529149486744" scale="4.518880549492156" rotation="0"/></localToWorld></zText><zLine><id><string value="A6250418A1EAAE2DDFE652CB79473E0B"/></id><startEndDistance><double value="146.16072025123714"/></startEndDistance><styleClasses><array><token value="line2"/></array></styleClasses><localToWorld><transform2D x="-6417.872832879679" y="3182.0284053059454" scale="8.243273418273397" rotation="-1.5714244681834735"/></localToWorld></zLine><zLine><xFields><xField name="groupId"><xJust><xRef value="0EEF7F276285DB41D7F0E7D579F6CBC6"/></xJust></xField></xFields><id><string value="28948F615E66322D8E1DF44D03D0EF03"/></id><startEndDistance><double value="207.46865955102248"/></startEndDistance><styleClasses><array><token value="line2"/></array></styleClasses><localToWorld><transform2D x="-5554.240618701508" y="2583.119239780224" scale="8.243273418273391" rotation="3.141592653589793"/></localToWorld></zLine><zLine><xFields><xField name="groupId"><xJust><xRef value="8969B2DBDA84E1FCF31997AD302ADC0C"/></xJust></xField></xFields><id><string value="FFE61463B74E4C1C2086799F3F1F50E2"/></id><startEndDistance><double value="207.46865955102248"/></startEndDistance><styleClasses><array><token value="line2"/></array></styleClasses><localToWorld><transform2D x="-5554.240618701513" y="3271.1856341497605" scale="8.243273418273395" rotation="3.141592653589793"/></localToWorld></zLine><zLine><xFields><xField name="groupId"><xJust><xRef value="6C0122CF259AFCF8E8D92E2E5E255E7F"/></xJust></xField></xFields><id><string value="A92DF3625C2EF838E4A5771F2479DFDA"/></id><startEndDistance><double value="207.46865955102248"/></startEndDistance><styleClasses><array><token value="line2"/></array></styleClasses><localToWorld><transform2D x="-5562.383983895251" y="3784.4496764811333" scale="8.243273418273391" rotation="3.141592653589793"/></localToWorld></zLine><xConstructor name="zZoomArea" type="zObject"><xField name="id"><xString value="AF0805735C1D867D01751F422C999E71"/></xField><xField name="width"><xDouble value="160"/></xField><xField name="height"><xDouble value="120.12595815832152"/></xField><xField name="localToWorld"><xTransform2D x="-35988.55208896101" y="-21297.73032729519" scale="1760.1877080202144" rotation="0"/></xField></xConstructor><zText><xFields><xField name="groupId"><xJust><xRef value="E27FAF74E28B5C3933F2D11374D4BE07"/></xJust></xField></xFields><id><string value="C5C8B04080B303F5C7A08FCC2F01D930"/></id><text><text><width>167.82689675225706</width><p><span size="24"><![CDATA[Esto también es una comunidad...]]></span></p></text></text><styleClasses><array><token value="body"/></array></styleClasses><localToWorld><transform2D x="-172735.08566690303" y="-28124.29193327562" scale="259.9040446578659" rotation="0"/></localToWorld></zText><zLine><xFields><xField name="groupId"><xJust><xRef value="E27FAF74E28B5C3933F2D11374D4BE07"/></xJust></xField></xFields><id><string value="C463DE5E5DB8221A99147351E22A5245"/></id><startEndDistance><double value="82.93060998428913"/></startEndDistance><styleClasses><array><token value="line2"/></array></styleClasses><localToWorld><transform2D x="-166554.48663246894" y="-12819.714839529279" scale="655.8274746869705" rotation="-1.736862890140309e-16"/></localToWorld></zLine><zImage><xFields><xField name="groupId"><xJust><xRef value="B814EA1C5BCB2098599EAEEA8FF69C33"/></xJust></xField></xFields><id><string value="6DA1ADADAC3D3A0817059E01DCE1B2CF"/></id><onlineAssetId><string value="15438754363"/></onlineAssetId><onlineAssetUrl><string value="http://0103.static.prezi.com.s3.amazonaws.com/media/7/8/a/2/f/70778e44fd59f3777a96bf52f35.png"/></onlineAssetUrl><offlineAssetId><string value="0.1d89229b86913"/></offlineAssetId><assetSourceFilename><string value="image.png"/></assetSourceFilename><width><double value="825"/></width><height><double value="627"/></height><localToWorld><transform2D x="-10108.47924905061" y="2816.741597914908" scale="0.26410438127063945" rotation="0"/></localToWorld></zImage><xConstructor name="zZoomArea" type="zObject"><xField name="id"><xString value="BC305670E3EC6AA16997C0F5028DFE48"/></xField><xField name="width"><xDouble value="137.04838901150708"/></xField><xField name="height"><xDouble value="104.16125348989326"/></xField><xField name="localToWorld"><xTransform2D x="-10108.479249050613" y="2816.7380383713903" scale="1.5898480538139397" rotation="0"/></xField></xConstructor><zText><xFields><xField name="groupId"><xJust><xRef value="B814EA1C5BCB2098599EAEEA8FF69C33"/></xJust></xField></xFields><id><string value="821F82D286C4914B9B20E3C6E00D5D40"/></id><text><text><width>196.94400000000047</width><p align="center"><span color="16747520" size="24" style="normal" weight="bold"><![CDATA[¡Aquí también hay una comunidad!]]></span></p></text></text><styleClasses><array><token value="body"/></array></styleClasses><localToWorld><transform2D x="-10136.990435821608" y="2868.4049643726808" scale="0.3594451276147375" rotation="0"/></localToWorld></zText><zArrow><xFields><xField name="groupId"><xJust><xRef value="B814EA1C5BCB2098599EAEEA8FF69C33"/></xJust></xField></xFields><id><string value="E8E38949B686D17094A15DF47E88571F"/></id><startEndDistance><double value="84.86324406372144"/></startEndDistance><styleClasses><array><token value="line1"/></array></styleClasses><localToWorld><transform2D x="-10138.376230548303" y="2830.8342032964" scale="0.46904674430832066" rotation="-1.2604089196629067"/></localToWorld></zArrow><xConstructor name="zZoomArea" type="zObject"><xField name="id"><xString value="152EB434C8A1471BCF255D503F67E01E"/></xField><xField name="width"><xDouble value="160"/></xField><xField name="height"><xDouble value="90"/></xField><xField name="localToWorld"><xTransform2D x="-10183.676380552984" y="2784.122391993048" scale="29.155119176633555" rotation="0"/></xField></xConstructor><xConstructor name="zZoomArea" type="zObject"><xField name="id"><xString value="10DD8D56F1BCC9F1AD06C065A065D7ED"/></xField><xField name="width"><xDouble value="160"/></xField><xField name="height"><xDouble value="90"/></xField><xField name="localToWorld"><xTransform2D x="-8014.725795258131" y="2781.383330739359" scale="24.79311835902641" rotation="0"/></xField></xConstructor><zImage><xFields><xField name="groupId"><xJust><xRef value="EFF52CBEAD76D784D9A55604699949B3"/></xJust></xField></xFields><id><string value="6AFDE77CFEFE1B22E77D68CEA56AB090"/></id><onlineAssetId><string value="15439527507"/></onlineAssetId><onlineAssetUrl><string value="http://0103.static.prezi.com.s3.amazonaws.com/media/a/2/6/f/3/ff4c8d24332b7e3f2dd93c0fc83.png"/></onlineAssetUrl><offlineAssetId><string value="0.ee3a6dca05f6e"/></offlineAssetId><assetSourceFilename><string value="image.png"/></assetSourceFilename><width><double value="720"/></width><height><double value="329"/></height><localToWorld><transform2D x="-4334.310211700533" y="2490.328389764925" scale="0.734171188577351" rotation="0"/></localToWorld></zImage><zImage><xFields><xField name="groupId"><xJust><xRef value="7769DF3C82F55634CF151A4DBD252E85"/></xJust></xField></xFields><id><string value="2A2D2F66E0AE0602C9A185DB217BCE70"/></id><onlineAssetId><string value="15439622191"/></onlineAssetId><onlineAssetUrl><string value="http://0103.static.prezi.com.s3.amazonaws.com/media/7/7/e/7/0/979d3d844cfb04a4ed0b2c7cf29.png"/></onlineAssetUrl><offlineAssetId><string value="0.dfacbad27ecf6"/></offlineAssetId><assetSourceFilename><string value="image.png"/></assetSourceFilename><width><double value="720"/></width><height><double value="480"/></height><localToWorld><transform2D x="-4334.310211700532" y="2976.818181767011" scale="0.7341711885773533" rotation="0"/></localToWorld></zImage><zText><xFields><xField name="groupId"><xJust><xRef value="EFF52CBEAD76D784D9A55604699949B3"/></xJust></xField></xFields><id><string value="33C65ECDF9BC656310C7D59B134CFD3B"/></id><text><text><width>611.3691178757286</width><p><span color="0" size="24" style="normal" weight="normal"><![CDATA[No tiene en cuenta la abundancia de cada especie]]></span></p></text></text><styleClasses><array><token value="body"/></array></styleClasses><localToWorld><transform2D x="-4327.565145600427" y="2623.0023669377815" scale="0.8456107311652278" rotation="0"/></localToWorld></zText><zText><xFields><xField name="groupId"><xJust><xRef value="7769DF3C82F55634CF151A4DBD252E85"/></xJust></xField></xFields><id><string value="8256C119F1DFE1B2444EE6E1B39CEA31"/></id><text><text><width>499.18016205625804</width><p><span size="24"><![CDATA[Combinan la riqueza y la abundancia relativa de cada especie.]]></span></p></text></text><styleClasses><array><token value="body"/></array></styleClasses><localToWorld><transform2D x="-4333.263150067936" y="3188.3326341774714" scale="1.034828261164584" rotation="0"/></localToWorld></zText><zImage><xFields><xField name="groupId"><xJust><xRef value="9AA326F0EA88D19D55AE5810B663814E"/></xJust></xField></xFields><id><string value="59A6F027A3586BA6C065437346E19B6C"/></id><onlineAssetId><string value="15439926236"/></onlineAssetId><onlineAssetUrl><string value="http://0103.static.prezi.com.s3.amazonaws.com/media/4/1/d/9/0/a04f86443d9b256672c26dcd766.png"/></onlineAssetUrl><offlineAssetId><string value="0.9b40cf2c1f099"/></offlineAssetId><assetSourceFilename><string value="image.png"/></assetSourceFilename><width><double value="635"/></width><height><double value="309"/></height><localToWorld><transform2D x="-4294.517784009515" y="3513.1369398193556" scale="0.8324460720877073" rotation="0"/></localToWorld></zImage><zText><xFields><xField name="groupId"><xJust><xRef value="9AA326F0EA88D19D55AE5810B663814E"/></xJust></xField></xFields><id><string value="2C1F89EE4C105967126304134532F507"/></id><text><text><width>606.2171382042189</width><p><span size="24"><![CDATA[Eje X: rangos de abundancia. 1 la más abundante, n la menos. Eje Y: abundancia relativa de cada especie]]></span></p></text></text><styleClasses><array><token value="body"/></array></styleClasses><localToWorld><transform2D x="-4293.958556574271" y="3688.142987077551" scale="0.8522339511673229" rotation="0"/></localToWorld></zText><zImage><id><string value="4F66BE58467E2AAB504409000981D315"/></id><onlineAssetId><string value="15439944909"/></onlineAssetId><onlineAssetUrl><string value="http://0103.static.prezi.com.s3.amazonaws.com/media/5/2/6/6/8/af7f8c649d686093308b8b56998.png"/></onlineAssetUrl><offlineAssetId><string value="0.d40b53992c0f6"/></offlineAssetId><assetSourceFilename><string value="image.png"/></assetSourceFilename><width><double value="506"/></width><height><double value="395"/></height><localToWorld><transform2D x="-3825.487946112339" y="3525.739997776459" scale="0.6628783192817506" rotation="0"/></localToWorld></zImage><zImage><xFields><xField name="groupId"><xJust><xRef value="562EB9661ADB2FC177BD40ADE4FB5A48"/></xJust></xField></xFields><id><string value="3150C2750043E813283D6B8F38F0C45E"/></id><onlineAssetId><string value="15439957027"/></onlineAssetId><onlineAssetUrl><string value="http://0103.static.prezi.com.s3.amazonaws.com/media/2/e/9/8/2/dcf2a2f4625af23c722ef3f4e32.png"/></onlineAssetUrl><offlineAssetId><string value="0.4b6a5a629284"/></offlineAssetId><assetSourceFilename><string value="image.png"/></assetSourceFilename><width><double value="716"/></width><height><double value="540"/></height><mask><rectangle x="47" y="89" w="472" h="415"/></mask><localToWorld><transform2D x="-3472.935427263909" y="3525.739997776459" scale="0.6198212922291603" rotation="0"/></localToWorld></zImage><zText><xFields><xField name="groupId"><xJust><xRef value="562EB9661ADB2FC177BD40ADE4FB5A48"/></xJust></xField></xFields><id><string value="919DBEB420483398479F82F23B41A3E1"/></id><text><text><width>610.2521904616788</width><p><span size="24"><![CDATA[Cambio en la riqueza y en la equitatividad tras la fertilización de un herbazal.]]></span></p></text></text><styleClasses><array><token value="body"/></array></styleClasses><localToWorld><transform2D x="-3473.1139822137225" y="3678.270487239231" scale="0.4799864128471071" rotation="0"/></localToWorld></zText><xConstructor name="zZoomArea" type="zObject"><xField name="id"><xString value="2F497D5CDC4F7D5BD5DA6FCAFD9CA21D"/></xField><xField name="width"><xDouble value="160"/></xField><xField name="height"><xDouble value="90"/></xField><xField name="localToWorld"><xTransform2D x="-5638.1063629556675" y="2849.0128987391827" scale="24.083159927465797" rotation="0"/></xField></xConstructor><xConstructor name="zZoomArea" type="zObject"><xField name="id"><xString value="577A451E87C2FCC97A2BD609A680B7D5"/></xField><xField name="width"><xDouble value="160"/></xField><xField name="height"><xDouble value="90"/></xField><xField name="localToWorld"><xTransform2D x="-4343.068628060249" y="2490.3283897649253" scale="4.2468690537760905" rotation="0"/></xField></xConstructor><xConstructor name="zZoomArea" type="zObject"><xField name="id"><xString value="F0C9F5568A65AA7F47146827B1F2EF76"/></xField><xField name="width"><xDouble value="160"/></xField><xField name="height"><xDouble value="90"/></xField><xField name="localToWorld"><xTransform2D x="-5105.121843136426" y="3068.5119162331057" scale="18.091776397529625" rotation="0"/></xField></xConstructor><xConstructor name="zZoomArea" type="zObject"><xField name="id"><xString value="4BCC985850960B6C1919DCC367134086"/></xField><xField name="width"><xDouble value="160"/></xField><xField name="height"><xDouble value="103.78174466946732"/></xField><xField name="localToWorld"><xTransform2D x="-4334.310211700532" y="3010.967483957308" scale="4.71830042914731" rotation="0"/></xField></xConstructor><xConstructor name="zZoomArea" type="zObject"><xField name="id"><xString value="B1E1F88155B52BC370DB26EB9903E504"/></xField><xField name="width"><xDouble value="160"/></xField><xField name="height"><xDouble value="90"/></xField><xField name="localToWorld"><xTransform2D x="-5051.992164617965" y="3075.727817619909" scale="18.25212976168083" rotation="0"/></xField></xConstructor><xConstructor name="zZoomArea" type="zObject"><xField name="id"><xString value="049E5878B68D539081C0D95D034ED901"/></xField><xField name="width"><xDouble value="160"/></xField><xField name="height"><xDouble value="90"/></xField><xField name="localToWorld"><xTransform2D x="-4294.460144088185" y="3533.0145224332564" scale="4.416653988624074" rotation="0"/></xField></xConstructor><xConstructor name="zZoomArea" type="zObject"><xField name="id"><xString value="E795094122BF4BE8543B5BB24CF29266"/></xField><xField name="width"><xDouble value="160.00000000000003"/></xField><xField name="height"><xDouble value="111.48538775057213"/></xField><xField name="localToWorld"><xTransform2D x="-3825.4879461123396" y="3525.7399977764585" scale="2.808419418603825" rotation="0"/></xField></xConstructor><xConstructor name="zZoomArea" type="zObject"><xField name="id"><xString value="2C35CD1F123D2EF3247526EFDD0E0A8F"/></xField><xField name="width"><xDouble value="160"/></xField><xField name="height"><xDouble value="90"/></xField><xField name="localToWorld"><xTransform2D x="-3472.935427263909" y="3536.474371673787" scale="3.7174052849326817" rotation="0"/></xField></xConstructor><xConstructor name="zZoomArea" type="zObject"><xField name="id"><xString value="63A4CBC0DA349BF996D004B326CAB08C"/></xField><xField name="width"><xDouble value="184.89177489177493"/></xField><xField name="height"><xDouble value="54.2857142857143"/></xField><xField name="localToWorld"><xTransform2D x="-8568.686687971987" y="2838.4613441629754" scale="62.850261610828134" rotation="0"/></xField></xConstructor></array></zObjects></prezi>